Stat,Script,Lstart,Lend,Type,Proc,P1,P2,P3,P4,P5,P6,CompF,Notes
,,,,,,****************** SCRIPT VERSION ******************,,,,,,,
,,,,,,,,,,,,,
-VERSION,S,,,A,,!2.5.5v!,,,,,,3,String with version information
,,,,,,,,,,,,,
,,,,,,****************** DEFINES ******************,,,,,,,
,,,,,,,,,,,,,
$CREEPILVLCURR,D,,,,,565,,,,,,,Current general iLvl for creep stats
,,,,,,,,,,,,,
,,,,,,*** Decode functions for C text parameter ***,,,,,,,
$ACI_CATEGORY,D,,,,,!ArmCodeIndex($C|1)!,,,,,,,Armour Code Index – Category: C=armour code
$ACI_QUALITY,D,,,,,!ArmCodeIndex($C|3)!,,,,,,,Armour Code Index – Quality: C=armour code
$ACI_TYPE,D,,,,,!ArmCodeIndex($C|2)!,,,,,,,Armour Code Index – Type: C=armour code
$QCI_QUALITY,D,,,,,!EnumIndex($C|1|!WYPTG!)!,,,,,,,Quality Code Index – Quality: C=quality code
$ROMAN_RANK,D,,,,,!RomanRankDecode($C)!,,,,,,,Roman Rank: C=roman number
$WCI_CATEGORY,D,,,,,!EnumIndex($C|1|!HLNSV!)!,,,,,,,Weapon Code Index – Category: C=weapon code
$WCI_QUALITY,D,,,,,!EnumIndex($C|3|!WYPTG!)!,,,,,,,Weapon Code Index – Quality: C=weapon code
$WCI_TYPE,D,,,,,!EnumIndex($C|2|!OTB!)!,,,,,,,Weapon Code Index – Type: C=weapon code
,,,,,,,,,,,,,
,,,,,,*** Expansion definitions ***,,,,,,,
,,,,,,,,,,,,,
,,,,,,*** Shadows of Angmar ***,,,,,,,
$ANGMAR_CLVL_START,D,,,,,1,,,,,,,Character Level – start
$ANGMAR_CLVL_MIDWAY,D,,,,,25,,,,,,,Character Level – extra point in the middle (for Item Level mapping)
$ANGMAR_CLVL_END,D,,,,,50,,,,,,,Character Level – end
$ANGMAR_ILVL_START,D,,,,,1,,,,,,,Item Level – start
$ANGMAR_ILVL_MIDWAY,D,,,,,25,,,,,,,Item Level – extra point in the middle
$ANGMAR_ILVL_END,D,,,,,50,,,,,,,Item Level – end
$ANGMAR_DAMAGE_START,D,,,,,!1.0!,,,,,,,Damage Offset multiplier – start
$ANGMAR_DAMAGE_END,D,,,,,!10.0!,,,,,,,Damage Offset multiplier – end
$ANGMAR_ENERGY_START,D,,,,,!1.0!,,,,,,,Energy Offset multiplier – start
$ANGMAR_ENERGY_END,D,,,,,!2.0!,,,,,,,Energy Offset multiplier – end
$ANGMAR_HEALTH_START,D,,,,,!1.0!,,,,,,,Health Offset multiplier – start
$ANGMAR_HEALTH_END,D,,,,,!7.5!,,,,,,,Health Offset multiplier – end
$ANGMAR_RATINGS_START,D,,,,,!1.0!,,,,,,,Ratings Offset multiplier – start
$ANGMAR_RATINGS_END,D,,,,,!10.0!,,,,,,,Ratings Offset multiplier – end
,,,,,,*** Mines of Moria ***,,,,,,,
$MORIA_CLVL_START,D,,,,,50,,,,,,,Character Level – start
$MORIA_CLVL_END,D,,,,,60,,,,,,,Character Level – end
$MORIA_ILVL_START,D,,,,,50,,,,,,,Item Level – start
$MORIA_ILVL_END,D,,,,,60,,,,,,,Item Level – end
$MORIA_DAMAGE_START,D,,,,,!1.0!,,,,,,,Damage Offset multiplier – start
$MORIA_DAMAGE_END,D,,,,,!1.33!,,,,,,,Damage Offset multiplier – end
$MORIA_ENERGY_START,D,,,,,!1.0!,,,,,,,Energy Offset multiplier – start
$MORIA_ENERGY_END,D,,,,,!1.33!,,,,,,,Energy Offset multiplier – end
$MORIA_HEALTH_START,D,,,,,!1.0!,,,,,,,Health Offset multiplier – start
$MORIA_HEALTH_END,D,,,,,!1.33!,,,,,,,Health Offset multiplier – end
$MORIA_RATINGS_START,D,,,,,!1.0!,,,,,,,Ratings Offset multiplier – start
$MORIA_RATINGS_END,D,,,,,!1.5!,,,,,,,Ratings Offset multiplier – end
,,,,,,*** Siege of Mirkwood ***,,,,,,,
$MIRKWOOD_CLVL_START,D,,,,,60,,,,,,,Character Level – start
$MIRKWOOD_CLVL_END,D,,,,,65,,,,,,,Character Level – end
$MIRKWOOD_ILVL_START,D,,,,,60,,,,,,,Item Level – start
$MIRKWOOD_ILVL_END,D,,,,,65,,,,,,,Item Level – end
$MIRKWOOD_DAMAGE_START,D,,,,,!1.0!,,,,,,,Damage Offset multiplier – start
$MIRKWOOD_DAMAGE_END,D,,,,,!1.095!,,,,,,,Damage Offset multiplier – end
$MIRKWOOD_ENERGY_START,D,,,,,!1.0!,,,,,,,Energy Offset multiplier – start
$MIRKWOOD_ENERGY_END,D,,,,,!1.25!,,,,,,,Energy Offset multiplier – end
$MIRKWOOD_HEALTH_START,D,,,,,!1.0!,,,,,,,Health Offset multiplier – start
$MIRKWOOD_HEALTH_END,D,,,,,!1.25!,,,,,,,Health Offset multiplier – end
$MIRKWOOD_RATINGS_START,D,,,,,!1.0!,,,,,,,Ratings Offset multiplier – start
$MIRKWOOD_RATINGS_END,D,,,,,!1.333!,,,,,,,Ratings Offset multiplier – end
,,,,,,*** Rise of Isengard ***,,,,,,,
$ISENGARD_CLVL_START,D,,,,,65,,,,,,,Character Level – start
$ISENGARD_CLVL_END,D,,,,,75,,,,,,,Character Level – end
$ISENGARD_ILVL_START,D,,,,,65,,,,,,,Item Level – start
$ISENGARD_ILVL_END,D,,,,,79,,,,,,,Item Level – end
$ISENGARD_DAMAGE_START,D,,,,,!1.0!,,,,,,,Damage Offset multiplier – start
$ISENGARD_DAMAGE_END,D,,,,,!1.33!,,,,,,,Damage Offset multiplier – end
$ISENGARD_ENERGY_START,D,,,,,!1.0!,,,,,,,Energy Offset multiplier – start
$ISENGARD_ENERGY_END,D,,,,,!1.5!,,,,,,,Energy Offset multiplier – end
$ISENGARD_HEALTH_START,D,,,,,!1.0!,,,,,,,Health Offset multiplier – start
$ISENGARD_HEALTH_END,D,,,,,!1.5!,,,,,,,Health Offset multiplier – end
$ISENGARD_RATINGS_START,D,,,,,!1.0!,,,,,,,Ratings Offset multiplier – start
$ISENGARD_RATINGS_END,D,,,,,!1.5!,,,,,,,Ratings Offset multiplier – end
,,,,,,*** Riders of Rohan ***,,,,,,,
$ROR_CLVL_START,D,,,,,75,,,,,,,Character Level – start
$ROR_CLVL_START_IMAP,D,,,,,$ROR_CLVL_START+1,,,,,,,Character Level – start (for Item Level mapping)
$ROR_CLVL_END,D,,,,,85,,,,,,,Character Level – end
$ROR_ILVL_START,D,,,,,80,,,,,,,Item Level – start
$ROR_ILVL_END,D,,,,,125,,,,,,,Item Level – end
$ROR_DAMAGE_START,D,,,,,!1.0!,,,,,,,Damage Offset multiplier – start
$ROR_DAMAGE_END,D,,,,,!1.33!,,,,,,,Damage Offset multiplier – end
$ROR_ENERGY_START,D,,,,,!1.0!,,,,,,,Energy Offset multiplier – start
$ROR_ENERGY_END,D,,,,,!1.5!,,,,,,,Energy Offset multiplier – end
$ROR_HEALTH_START,D,,,,,!1.0!,,,,,,,Health Offset multiplier – start
$ROR_HEALTH_END,D,,,,,!1.5!,,,,,,,Health Offset multiplier – end
$ROR_RATINGS_START,D,,,,,!1.0!,,,,,,,Ratings Offset multiplier – start
$ROR_RATINGS_END,D,,,,,!1.5!,,,,,,,Ratings Offset multiplier – end
,,,,,,*** Helm’s Deep ***,,,,,,,
$HELMSDEEP_CLVL_START,D,,,,,85,,,,,,,Character Level – start
$HELMSDEEP_CLVL_END,D,,,,,95,,,,,,,Character Level – end
$HELMSDEEP_ILVL_START,D,,,,,125,,,,,,,Item Level – start
$HELMSDEEP_ILVL_END,D,,,,,175,,,,,,,Item Level – end
$HELMSDEEP_DAMAGE_START,D,,,,,!1.0!,,,,,,,Damage Offset multiplier – start
$HELMSDEEP_DAMAGE_END,D,,,,,!1.33!,,,,,,,Damage Offset multiplier – end
$HELMSDEEP_ENERGY_START,D,,,,,!1.0!,,,,,,,Energy Offset multiplier – start
$HELMSDEEP_ENERGY_END,D,,,,,!1.33!,,,,,,,Energy Offset multiplier – end
$HELMSDEEP_HEALTH_START,D,,,,,!1.0!,,,,,,,Health Offset multiplier – start
$HELMSDEEP_HEALTH_END,D,,,,,!1.33!,,,,,,,Health Offset multiplier – end
$HELMSDEEP_RATINGS_START,D,,,,,!1.0!,,,,,,,Ratings Offset multiplier – start
$HELMSDEEP_RATINGS_END,D,,,,,!1.445!,,,,,,,Ratings Offset multiplier – end
,,,,,,*** The Paths of the Dead ***,,,,,,,
$POD_CLVL_START,D,,,,,95,,,,,,,Character Level – start
$POD_CLVL_END,D,,,,,100,,,,,,,Character Level – end
$POD_ILVL_START,D,,,,,175,,,,,,,Item Level – start
$POD_ILVL_END,D,,,,,200,,,,,,,Item Level – end
$POD_DAMAGE_START,D,,,,,!1.0!,,,,,,,Damage Offset multiplier – start
$POD_DAMAGE_END,D,,,,,!1.25!,,,,,,,Damage Offset multiplier – end
$POD_ENERGY_START,D,,,,,!1.0!,,,,,,,Energy Offset multiplier – start
$POD_ENERGY_END,D,,,,,!1.315!,,,,,,,Energy Offset multiplier – end
$POD_HEALTH_START,D,,,,,!1.0!,,,,,,,Health Offset multiplier – start
$POD_HEALTH_END,D,,,,,!1.5!,,,,,,,Health Offset multiplier – end
$POD_RATINGS_START,D,,,,,!1.0!,,,,,,,Ratings Offset multiplier – start
$POD_RATINGS_END,D,,,,,!1.39!,,,,,,,Ratings Offset multiplier – end
,,,,,,*** The Battle of Pelennor Fields ***,,,,,,,
$MINASTIRITH_CLVL_START,D,,,,,100,,,,,,,Character Level – start
$MINASTIRITH_CLVL_END,D,,,,,105,,,,,,,Character Level – end
$MINASTIRITH_ILVL_START,D,,,,,200,,,,,,,Item Level – start
$MINASTIRITH_ILVL_END,D,,,,,225,,,,,,,Item Level – end
$MINASTIRITH_DAMAGE_START,D,,,,,!1.0!,,,,,,,Damage Offset multiplier – start
$MINASTIRITH_DAMAGE_END,D,,,,,!1.25!,,,,,,,Damage Offset multiplier – end
$MINASTIRITH_ENERGY_START,D,,,,,!1.0!,,,,,,,Energy Offset multiplier – start
$MINASTIRITH_ENERGY_END,D,,,,,!1.333!,,,,,,,Energy Offset multiplier – end
$MINASTIRITH_HEALTH_START,D,,,,,!1.0!,,,,,,,Health Offset multiplier – start
$MINASTIRITH_HEALTH_END,D,,,,,!1.333!,,,,,,,Health Offset multiplier – end
$MINASTIRITH_RATINGS_START,D,,,,,!1.0!,,,,,,,Ratings Offset multiplier – start
$MINASTIRITH_RATINGS_END,D,,,,,!1.33!,,,,,,,Ratings Offset multiplier – end
,,,,,,*** Mordor ***,,,,,,,
$MORDOR_CLVL_START,D,,,,,106,,,,,,,Character Level – start
$MORDOR_CLVL_END,D,,,,,115,,,,,,,Character Level – end
$MORDOR_ILVL_START,D,,,,,300,,,,,,,Item Level – start
$MORDOR_ILVL_END,D,,,,,349,,,,,,,Item Level – end
$MORDOR_DAMAGE_START,D,,,,,!1.1!,,,,,,,Damage Offset multiplier – start
$MORDOR_DAMAGE_END,D,,,,,!1.33!,,,,,,,Damage Offset multiplier – end
$MORDOR_ENERGY_START,D,,,,,!1.1!,,,,,,,Energy Offset multiplier – start
$MORDOR_ENERGY_END,D,,,,,!1.5!,,,,,,,Energy Offset multiplier – end
$MORDOR_HEALTH_START,D,,,,,!1.1!,,,,,,,Health Offset multiplier – start
$MORDOR_HEALTH_END,D,,,,,!1.5!,,,,,,,Health Offset multiplier – end
$MORDOR_RATINGS_START,D,,,,,!1.1!,,,,,,,Ratings Offset multiplier – start
$MORDOR_RATINGS_END,D,,,,,!1.5!,,,,,,,Ratings Offset multiplier – end
,,,,,,*** Where Dragons Dwell ***,,,,,,,
$DRAGONS_CLVL_START,D,,,,,116,,,,,,,Character Level – start
$DRAGONS_CLVL_END,D,,,,,120,,,,,,,Character Level – end
$DRAGONS_ILVL_START,D,,,,,350,,,,,,,Item Level – start
$DRAGONS_ILVL_END,D,,,,,399,,,,,,,Item Level – end
$DRAGONS_DAMAGE_START,D,,,,,!1.1!,,,,,,,Damage Offset multiplier – start
$DRAGONS_DAMAGE_END,D,,,,,!1.25!,,,,,,,Damage Offset multiplier – end
$DRAGONS_ENERGY_START,D,,,,,!1.15!,,,,,,,Energy Offset multiplier – start
$DRAGONS_ENERGY_END,D,,,,,!1.25!,,,,,,,Energy Offset multiplier – end
$DRAGONS_HEALTH_START,D,,,,,!1.15!,,,,,,,Health Offset multiplier – start
$DRAGONS_HEALTH_END,D,,,,,!1.25!,,,,,,,Health Offset multiplier – end
$DRAGONS_RATINGS_START,D,,,,,!1.15!,,,,,,,Ratings Offset multiplier – start
$DRAGONS_RATINGS_END,D,,,,,!1.25!,,,,,,,Ratings Offset multiplier – end
,,,,,,*** Minas Morgul ***,,,,,,,
$MINASMORGUL_CLVL_START,D,,,,,121,,,,,,,Character Level – start
$MINASMORGUL_CLVL_END,D,,,,,130,,,,,,,Character Level – end
$MINASMORGUL_ILVL_START,D,,,,,400,,,,,,,Item Level – start
$MINASMORGUL_ILVL_END,D,,,,,449,,,,,,,Item Level – end
$MINASMORGUL_DAMAGE_START,D,,,,,!1.1!,,,,,,,Damage Offset multiplier – start
$MINASMORGUL_DAMAGE_END,D,,,,,!1.33!,,,,,,,Damage Offset multiplier – end
$MINASMORGUL_ENERGY_START,D,,,,,!1.15!,,,,,,,Energy Offset multiplier – start
$MINASMORGUL_ENERGY_END,D,,,,,!1.5!,,,,,,,Energy Offset multiplier – end
$MINASMORGUL_HEALTH_START,D,,,,,!1.15!,,,,,,,Health Offset multiplier – start
$MINASMORGUL_HEALTH_END,D,,,,,!1.5!,,,,,,,Health Offset multiplier – end
$MINASMORGUL_RATINGS_START,D,,,,,!1.15!,,,,,,,Ratings Offset multiplier – start
$MINASMORGUL_RATINGS_END,D,,,,,!1.5!,,,,,,,Ratings Offset multiplier – end
,,,,,,*** Gundabad ***,,,,,,,
$GUNDABAD_CLVL_START,D,,,,,131,,,,,,,Character Level – start
$GUNDABAD_CLVL_END,D,,,,,140,,,,,,,Character Level – end
$GUNDABAD_ILVL_START,D,,,,,450,,,,,,,Item Level – start
$GUNDABAD_ILVL_END,D,,,,,499,,,,,,,Item Level – end
$GUNDABAD_DAMAGE_START,D,,,,,!1.1!,,,,,,,Damage Offset multiplier – start
$GUNDABAD_DAMAGE_END,D,,,,,!1.5!,,,,,,,Damage Offset multiplier – end
$GUNDABAD_ENERGY_START,D,,,,,!1.15!,,,,,,,Energy Offset multiplier – start
$GUNDABAD_ENERGY_END,D,,,,,!2.0!,,,,,,,Energy Offset multiplier – end
$GUNDABAD_HEALTH_START,D,,,,,!1.15!,,,,,,,Health Offset multiplier – start
$GUNDABAD_HEALTH_END,D,,,,,!2.0!,,,,,,,Health Offset multiplier – end
$GUNDABAD_RATINGS_START,D,,,,,!1.15!,,,,,,,Ratings Offset multiplier – start
$GUNDABAD_RATINGS_END,D,,,,,!2.0!,,,,,,,Ratings Offset multiplier – end
,,,,,,*** Umbar ***,,,,,,,
$UMBAR_CLVL_START,D,,,,,141,,,,,,,Character Level – start
$UMBAR_CLVL_END,D,,,,,150,,,,,,,Character Level – end
$UMBAR_ILVL_START,D,,,,,500,,,,,,,Item Level – start
$UMBAR_ILVL_END,D,,,,,549,,,,,,,Item Level – end
$UMBAR_DAMAGE_START,D,,,,,!1.1!,,,,,,,Damage Offset multiplier – start
$UMBAR_DAMAGE_END,D,,,,,!1.5!,,,,,,,Damage Offset multiplier – end
$UMBAR_ENERGY_START,D,,,,,!1.15!,,,,,,,Energy Offset multiplier – start
$UMBAR_ENERGY_END,D,,,,,!2.0!,,,,,,,Energy Offset multiplier – end
$UMBAR_HEALTH_START,D,,,,,!1.15!,,,,,,,Health Offset multiplier – start
$UMBAR_HEALTH_END,D,,,,,!2.0!,,,,,,,Health Offset multiplier – end
$UMBAR_RATINGS_START,D,,,,,!1.3!,,,,,,,Ratings Offset multiplier – start
$UMBAR_RATINGS_END,D,,,,,!2.205!,,,,,,,Ratings Offset multiplier – end
,,,,,,*** Kingdoms of Harad ***,,,,,,,
$HARAD_CLVL_START,D,,,,,151,,,,,,,Character Level – start
$HARAD_CLVL_END,D,,,,,160,,,,,,,Character Level – end
$HARAD_ILVL_START,D,,,,,550,,,,,,,Item Level – start
$HARAD_ILVL_END,D,,,,,599,,,,,,,Item Level – end
$HARAD_DAMAGE_START,D,,,,,!1.1!,,,,,,,Damage Offset multiplier – start
$HARAD_DAMAGE_END,D,,,,,!1.5!,,,,,,,Damage Offset multiplier – end
$HARAD_ENERGY_START,D,,,,,!1.15!,,,,,,,Energy Offset multiplier – start
$HARAD_ENERGY_END,D,,,,,!2.0!,,,,,,,Energy Offset multiplier – end
$HARAD_HEALTH_START,D,,,,,!1.15!,,,,,,,Health Offset multiplier – start
$HARAD_HEALTH_END,D,,,,,!2.0!,,,,,,,Health Offset multiplier – end
$HARAD_RATINGS_START,D,,,,,!1.3!,,,,,,,Ratings Offset multiplier – start
$HARAD_RATINGS_END,D,,,,,!2.0!,,,,,,,Ratings Offset multiplier – end
,,,,,,*** future expansion ***,,,,,,,
$FUTURE_CLVL_START,D,,,,,161,,,,,,,Character Level – start
$FUTURE_CLVL_END,D,,,,,170,,,,,,,Character Level – end
$FUTURE_ILVL_START,D,,,,,600,,,,,,,Item Level – start
$FUTURE_ILVL_END,D,,,,,649,,,,,,,Item Level – end
$FUTURE_DAMAGE_START,D,,,,,!1.1!,,,,,,,Damage Offset multiplier – start
$FUTURE_DAMAGE_END,D,,,,,!1.5!,,,,,,,Damage Offset multiplier – end
$FUTURE_ENERGY_START,D,,,,,!1.15!,,,,,,,Energy Offset multiplier – start
$FUTURE_ENERGY_END,D,,,,,!2.0!,,,,,,,Energy Offset multiplier – end
$FUTURE_HEALTH_START,D,,,,,!1.15!,,,,,,,Health Offset multiplier – start
$FUTURE_HEALTH_END,D,,,,,!2.0!,,,,,,,Health Offset multiplier – end
$FUTURE_RATINGS_START,D,,,,,!1.0!,,,,,,,Ratings Offset multiplier – start
$FUTURE_RATINGS_END,D,,,,,!2.0!,,,,,,,Ratings Offset multiplier – end
,,,,,,,,,,,,,
,,,,,,****************** STAT DEFINITIONS ******************,,,,,,,
,,,,,,,,,,,,,
ACIDMIT,S,,,A,,@DmgTypeMit#,,,,,,,Main Acid Mitigation on items calculation
ACIDMITT,S,,,A,,@DmgTypeMitT#,,,,,,2,Main Acid Mitigation in traits/effects calculation
,,,,,,*** Stat Progression Adjustments ***,,,,,,,
ADJCLASSBASEPOWREG,S,,1,C,,1.5,,,,,,1,Common class power regen stats – ICPR / NCPR
,,,20,C,,1.1,,,,,,,
,,,,C,,1.0,,,,,,,
ADJCREEPENERGY,S,500,500,C,,0.9306,,,,,,,Creep item energy stats – ICPR
,,550,550,C,,0.9306,,,,,,,
,,,,C,,1.0,,,,,,,
ADJCREEPEXTRA,S,500,500,C,,0.93145,,,,,,,Creep item extra rating stats – CritHit / Mastery / Resist
,,550,550,C,,0.952,,,,,,,
,,,,C,,1.0,,,,,,,
ADJCREEPHEALTH,S,500,500,C,,0.9306,,,,,,,Creep item health stats – ICMR / Vitality
,,550,550,C,,0.9306,,,,,,,
,,,,C,,1.0,,,,,,,
ADJCREEPMAIN,S,500,500,C,,0.93,,,,,,,Creep item main stats – Agility / Might / Will and includes Fate
,,550,550,C,,0.946,,,,,,,
,,,,C,,1.0,,,,,,,
ADJCREEPMIT,S,500,500,C,,0.93,,,,,,,Creep item armour/mitigation ratings – Armour / PhyMit / TacMit
,,550,550,C,,0.946,,,,,,,
,,,,C,,1.0,,,,,,,
ADJCREEPSTD,S,500,500,C,,0.931,,,,,,,Creep item standard rating stats – B/P/E / CritDef / Finesse
,,550,550,C,,0.95,,,,,,,
,,,,C,,1.0,,,,,,,
ADJITEMHEALTH,S,,25,C,,0.5,,,,,,2,Item health stats – Morale / Vitality
,,,50,C,,0.6,,,,,,,
,,,60,C,,0.7,,,,,,,
,,,79,C,,0.8,,,,,,,
,,,80,C,,0.9,,,,,,,
,,,,C,,1.0,,,,,,,
ADJITEMMAIN,S,499,549,C,,0.9,,,,,,2,Item main stats – Agility / Might / Will
,,550,599,C,,0.85,,,,,,,
,,,,C,,1.0,,,,,,,
ADJITEMMAS,S,499,499,C,,0.9,,,,,,2,Item mastery ratings – PhyMas / TacMas
,,500,549,C,,14.0/17.0,,,,,,,PntMP 17/1200 to 14/1200
,,550,599,C,,0.78,,,,,,,
,,,,C,,1.0,,,,,,,
ADJITEMMIT,S,499,499,C,,0.78,,,,,,2,Item armour/mitigation ratings – Armour / PhyMit / TacMit
,,500,549,C,,0.7,,,,,,,
,,550,599,C,,0.65,,,,,,,
,,,,C,,1.0,,,,,,,
ADJITEMRAT,S,499,549,C,,0.9,,,,,,2,Item rating stats – B/P/E / CritDef / CritHit / Finesse / InHeal / OutHeal / Resist
,,550,599,C,,0.8,,,,,,,
,,,,C,,1.0,,,,,,,
ADJTRAITHEALTH,S,,25,C,,0.5,,,,,,3,Character health stats – Morale / Vitality
,,,50,C,,0.6,,,,,,,
,,,60,C,,0.7,,,,,,,
,,,65,C,,0.8,,,,,,,
,,,75,C,,0.9,,,,,,,
,,,,C,,1.0,,,,,,,
ADJTRAITMAIN,S,141,150,C,,0.9,,,,,,3,Character main stats – Agility / Might / Will
,,151,160,C,,0.85,,,,,,,
,,,,C,,1.0,,,,,,,
ADJTRAITMAS,S,141,141,C,,0.9,,,,,,2,Character mastery ratings – PhyMas / TacMas
,,150,150,C,,14.0/17.0,,,,,,,PntMP 17/1200 to 14/1200
,,151,160,C,,0.78,,,,,,,
,,,,C,,1.0,,,,,,,
ADJTRAITMIT,S,141,141,C,,0.78,,,,,,3,Character armour/mitigation ratings – Armour / PhyMit / TacMit
,,150,150,C,,0.7,,,,,,,
,,151,160,C,,0.65,,,,,,,
,,,,C,,1.0,,,,,,,
ADJTRAITRAT,S,141,150,C,,0.9,,,,,,3,Character rating stats – B/P/E / CritDef / CritHit / Finesse / InHeal / OutHeal / Resist
,,151,160,C,,0.8,,,,,,,
,,,,C,,1.0,,,,,,,
ADJVIRTUEMAS,S,399,399,C,,18.666/17.0,,,,,,,Virtue mastery ratings – PhyMas / TacMas: PntMP 17/1200 to 18.666/1200
,,499,499,C,,0.9,,,,,,,
,,500,549,C,,14.0/17.0,,,,,,,PntMP 17/1200 to 14/1200
,,550,550,C,,0.75,,,,,,,
,,599,599,C,,0.7,,,,,,,
,,,,C,,1.0,,,,,,,
ADJVIRTUEMORALE,S,50,50,C,,2.0,,,,,,,Virtue morale – Morale
,,60,80,C,,1.5,,,,,,,
,,499,499,C,,0.9475,,,,,,,
,,,,C,,1.0,,,,,,,
,,,,,,*** End of Stat Progression Adjustments ***,,,,,,,
AGILITY,S,,,A,,@Main#,,,,,,,Main Agility calculation
AGILITYC,S,,,A,,@MainC#,,,,,,,"Creep Traits/Effects stat: L=cLvl, N=pts"
AGILITYCI,S,,,A,,@MainCI#,,,,,,,"Creep Item stat: L=iLvl, N=pts"
AGILITYT,S,,,A,,@MainT#,,,,,,3,Main Trait Agility calculation
ALIGNMENTNAME,S,,,V,,1|2|3,!Good!|!Neutral!|!Evil!|!!,$L,,,,1,CalcStat Alignment Name: L=alignment id
ANCIENTDWARFMIT,S,,,A,,@DmgTypeMit#,,,,,,,Main Ancient Dwarf Mitigation on items calculation
ANCIENTDWARFMITT,S,,,A,,@DmgTypeMitT#,,,,,,2,Main Ancient Dwarf Mitigation in traits/effects calculation
ARMCATPROGB,S,1,1,A,,@MitHeavyPRatPB($N),,,,,,,"Armour Category Progression Base: L=armour class index, N=item level"
,,2,2,A,,@MitMediumPRatPB($N),,,,,,,
,,3,3,A,,@MitLightPRatPB($N),,,,,,,
ARMOUR,S,,,S,D0,ArmourPntMP,ItemPntS,ArmourProgB,AdjItemMit,$C,L,,"Main Armour Value on items calculation:  L=item level, C=armour code. “HShT” etc"
ARMOURC,S,,,S,,,CreepTraitPntS,CreepTraitProgB,,$FLOAT@ArmourCI($INT@ArmourCILvlFilter#)#,L,,"Creep Traits/Effects stat: L=cLvl, N=pts"
ARMOURCI,S,,,S,L,PntMPArmourC,ItemPntS,MitMediumPRatPB,AdjCreepMit,,,,"Creep Item stat: L=iLvl, N=pts"
ARMOURCILVLFILTER,S,,,V,,0.0,$CREEPILVLCURR,,,,,,Creep iLvl point filter (returns iLvl based on pts): N=pts
ARMOURLOW,S,,,S,D0,ArmourLowPntMP,ItemPntS,ArmourProgB,AdjItemMit,$C,L,,"Decrepit Armour value calculation:  L=item level, C=armour code. “HS” etc"
ARMOURLOWPNTMP,S,,,A,,$FLOAT@ArmTypeMP($ACI_TYPE)/82500.0,,,,,,,"Decrepit Armour point multiplier calculation:  L=item level, C=armour code. “HS” etc"
ARMOURPENT,S,,,S,E,PntMPArmourPenT,TraitPntS,MitMediumPRatPB,,,L,3,Main Armour Penetration in traits/effects calculation
ARMOURPNTMP,S,,,A,,($FLOAT@ArmTypeMP($ACI_TYPE)/82500.0)*($FLOAT@ArmQtyMP($ACI_QUALITY)#($ACI_TYPE)/3600.0),,,,,,,"Armour point multiplier calculation:  L=item level, C=armour code. “HShT” etc"
ARMOURPROGB,S,,,A,,@ArmCatProgB($ACI_CATEGORY)#($L),,,,,,,"Armour progression base selection:  L=item level, C=armour code"
ARMOURREND,S,,,A,,@DmgTypeMit#,,,,,,,"Armour reduction: L=item level, N=pts"
ARMOURRENDT,S,,,A,,@DmgTypeMitT#,,,,,,,"Armour reduction: L=player level, N=pts"
ARMOURT,S,,,S,E,PntMPArmourT,TraitPntS,MitMediumPRatPB,AdjTraitMit,,L,2,Main Armour Value in traits/effects calculation
ARMQTYCOMMMP,S,1,8,D,,7260.0|7260.0|7920.0|7920.0|7524.0|7992.0|7920.0|6930.0,,,,,,,Armour Common Quality Multiplier: L=armour type index
ARMQTYEPICMP,S,1,8,D,,9900.0|9900.0|9900.0|9900.0|9900.0|9960.0|9900.0|9900.0,,,,,,,Armour Epic Quality Multiplier: L=armour type index
ARMQTYINCOMPMP,S,1,8,D,,9240.0|9240.0|9405.0|9405.0|9306.0|9423.0|9405.0|9405.0,,,,,,,Armour Incomparable Quality Multiplier: L=armour type index
ARMQTYMP,S,1,1,A,,@ArmQtyCommMP($N),,,,,,,"Armour Quality Multiplier: L=armour color index, N=armour type index"
,,2,2,A,,@ArmQtyUncomMP($N),,,,,,,
,,3,3,A,,@ArmQtyRareMP($N),,,,,,,
,,4,4,A,,@ArmQtyIncompMP($N),,,,,,,
,,5,5,A,,@ArmQtyEpicMP($N),,,,,,,
ARMQTYRAREMP,S,1,8,D,,8580.0|8580.0|8910.0|8910.0|8712.0|8945.0|8910.0|7920.0,,,,,,,Armour Rare Quality Multiplier: L=armour type index
ARMQTYUNCOMMP,S,1,8,D,,7260.0|7260.0|8415.0|8415.0|8118.0|8469.0|8415.0|7425.0,,,,,,,Armour Uncommon Quality Multiplier: L=armour type index
ARMTYPEMP,S,1,8,D,,990.0|990.0|2200.0|3300.0|1650.0|2739.0|1320.0|3600.0,,,,,,,Armour Type Multiplier: L=armour type index
AUTOLVLTOILVL,S,,,A,,@AwardILvlCC,,,,,,,Character Level to Item Level mapping for auto-leveling items: L=character level
AWARDILVLA,S,,75,L,,1,,,,,,,Character Level to Item Level mapping for some awarded items: L=character level
,,,94,L,,5,-304,,,,,,
,,,95,C,,173,,,,,,,
,,,100,L,,5,-304,,,,,,
,,,101,C,,197,,,,,,,
,,,104,L,,4,-206,,,,,,
,,,105,C,,218,,,,,,,
,,,110,T,N,1.0,295.0,303.8,106,110,,,
,,,115,C,,304,,,,,,,
,,,119,T,N,1.0,345.0,357.0,116,119,,,
,,,120,C,,359,,,,,,,
,,,130,C,,395,,,,,,,
,,,140,T,N,1.0,445.4,455.4,131,140,,,
,,,150,T,N,1.0,479.4,491.4,141,150,,,
,,,160,T,N,1.0,529.4,539.4,151,160,,,
,,,,A,,@AwardILvlA160,,,,,,,
AWARDILVLAA,S,75,75,A,,$INT@AwardILvlA+3,,,,,,,Character Level to Item Level mapping for some awarded items: L=character level
,,,,A,,@AwardILvlA,,,,,,,
AWARDILVLAB,S,75,75,A,,$INT@AwardILvlA+1,,,,,,,Character Level to Item Level mapping for some awarded items: L=character level
,,,,A,,@AwardILvlA,,,,,,,
AWARDILVLAC,S,75,75,A,,$INT@AwardILvlA+2,,,,,,,Character Level to Item Level mapping for some awarded items: L=character level
,,,,A,,@AwardILvlA,,,,,,,
AWARDILVLAOLD,S,,,A,,@AwardILvlA,,,,,,,Character Level to Item Level mapping for some awarded items: L=character level
AWARDILVLB,S,,4,A,,@AwardILvlA1,,,,,,,
,,,50,A,,@AwardILvlA($L-4),,,,,,,
,,,54,A,,@AwardILvlA51,,,,,,,
,,,75,A,,@AwardILvlA($L-4),,,,,,,
,,,95,A,,$INT@AwardILvlA+4,,,,,,,
,,,,A,,@AwardILvlA,,,,,,,
AWARDILVLBA,S,,,A,,@AwardILvlB,,,,,,,Character Level to Item Level mapping for some awarded items: L=character level
AWARDILVLBOLD,S,,,A,,@AwardILvlB,,,,,,,Character Level to Item Level mapping for some awarded items: L=character level
AWARDILVLC,S,,75,A,,@AwardILvlB,,,,,,,Character Level to Item Level mapping for some awarded items: L=character level
,,,,A,,@AwardILvlA,,,,,,,
AWARDILVLCA,S,,8,A,,@AwardILvlA1,,,,,,,Character Level to Item Level mapping for some awarded items: L=character level
,,,85,A,,$INT@AwardILvlA-8,,,,,,,
,,96,100,A,,$INT@AwardILvlA+4,,,,,,,
,,,,A,,@AwardILvlA,,,,,,,
AWARDILVLCB,S,,10,A,,@AwardILvlA1,,,,,,,Character Level to Item Level mapping for some awarded items: L=character level
,,,85,A,,$INT@AwardILvlA-10,,,,,,,
,,96,99,A,,$INT@AwardILvlA+4,,,,,,,
,,100,100,A,,$INT@AwardILvlA+6,,,,,,,
,,,,A,,@AwardILvlA,,,,,,,
AWARDILVLCC,S,,,A,,@AwardILvlC,,,,,,,Character Level to Item Level mapping for some awarded items: L=character level
AWARDILVLCD,S,,8,A,,@AwardILvlA1,,,,,,,Character Level to Item Level mapping for some awarded items: L=character level
,,,85,A,,$INT@AwardILvlA-8,,,,,,,
,,,100,A,,$INT@AwardILvlA-4,,,,,,,
,,,105,A,,$INT@AwardILvlA+4,,,,,,,
,,,,A,,@AwardILvlA,,,,,,,
AWARDILVLCE,S,,140,A,,@AwardILvlC,,,,,,,Character Level to Item Level mapping for some awarded items: L=character level
,,,150,T,N,1.0,500.4,512.4,141,150,,,
,,,,A,,@AwardILvlA,,,,,,,
AWARDILVLCF,S,,140,A,,@AwardILvlC,,,,,,,Character Level to Item Level mapping for some awarded items: L=character level
,,,150,T,N,1.0,500.4,517.4,141,150,,,
,,,,A,,@AwardILvlA,,,,,,,
AWARDILVLCG,S,,140,A,,@AwardILvlC,,,,,,,Character Level to Item Level mapping for some awarded items: L=character level
,,,150,T,N,1.0,500.4,520.4,141,150,,,
,,,,A,,@AwardILvlA,,,,,,,
AWARDILVLCH,S,,140,A,,@AwardILvlC,,,,,,,Character Level to Item Level mapping for some awarded items: L=character level
,,,150,T,N,1.0,500.4,525.4,141,150,,,
,,,,A,,@AwardILvlA,,,,,,,
AWARDILVLCI,S,,140,A,,@AwardILvlC,,,,,,,Character Level to Item Level mapping for some awarded items: L=character level
,,,150,T,N,1.0,500.4,530.4,141,150,,,
,,,,A,,@AwardILvlA,,,,,,,
AWARDILVLCJ,S,,140,A,,@AwardILvlC,,,,,,,Character Level to Item Level mapping for some awarded items: L=character level
,,,150,T,N,1.0,500.4,535.4,141,150,,,
,,,,A,,@AwardILvlA,,,,,,,
AWARDILVLD,S,,105,A,,@AwardILvlC,,,,,,,Character Level to Item Level mapping for some awarded items: L=character level
,,,115,C,,300,,,,,,,
,,,,A,,@AwardILvlA,,,,,,,
AWARDILVLDA,S,106,115,T,N,1.0,300.0,336.5,106,115,,,Character Level to Item Level mapping for some awarded items: L=character level
,,,,A,,@AwardILvlD,,,,,,,
AWARDILVLDB,S,106,115,T,N,1.0,300.0,345.0,106,115,,,Character Level to Item Level mapping for some awarded items: L=character level
,,,,A,,@AwardILvlD,,,,,,,
AWARDILVLDC,S,106,110,T,N,1.0,300.0,320.0,106,115,,,Character Level to Item Level mapping for some awarded items: L=character level
,,111,115,A,,@AwardILvlDC110,,,,,,,
,,,,A,,@AwardILvlD,,,,,,,
AWARDILVLDD,S,106,114,T,N,1.0,300.0,327.0,106,115,,,Character Level to Item Level mapping for some awarded items: L=character level
,,115,115,A,,$INT@AwardILvlD115+30,,,,,,,
,,,,A,,@AwardILvlD,,,,,,,
AWARDILVLDE,S,106,115,T,N,1.0,300.4,326.4,106,115,,,Character Level to Item Level mapping for some awarded items: L=character level
,,,,A,,@AwardILvlD,,,,,,,
AWARDILVLDF,S,106,110,A,,@AwardILvlDF111,,,,,,,Character Level to Item Level mapping for some awarded items: L=character level
,,111,115,T,N,1.0,299.5,320.5,106,115,,,
,,,,A,,@AwardILvlD,,,,,,,
AWARDILVLDG,S,106,114,T,N,1.0,300.0,336.0,106,115,,,Character Level to Item Level mapping for some awarded items: L=character level
,,115,115,A,,$INT@AwardILvlD115+40,,,,,,,
,,,,A,,@AwardILvlD,,,,,,,
AWARDILVLE,S,,115,A,,@AwardILvlC,,,,,,,Character Level to Item Level mapping for some awarded items: L=character level
,,,120,C,,350,,,,,,,
,,,,A,,@AwardILvlA,,,,,,,
AWARDILVLEA,S,116,119,T,N,1.0,350.0,378.0,116,120,,,Character Level to Item Level mapping for some awarded items: L=character level
,,120,120,A,,$INT@AwardILvlE120+26,,,,,,,
,,,,A,,@AwardILvlE,,,,,,,
AWARDILVLEB,S,116,119,T,N,1.0,350.0,390.0,116,120,,,Character Level to Item Level mapping for some awarded items: L=character level
,,120,120,A,,$INT@AwardILvlE120+38,,,,,,,
,,,,A,,@AwardILvlE,,,,,,,
AWARDILVLEC,S,116,120,T,N,1.0,350.0,382.0,116,120,,,Character Level to Item Level mapping for some awarded items: L=character level
,,,,A,,@AwardILvlE,,,,,,,
AWARDILVLED,S,116,120,T,N,1.0,350.0,370.0,116,120,,,Character Level to Item Level mapping for some awarded items: L=character level
,,,,A,,@AwardILvlE,,,,,,,
AWARDILVLEE,S,116,119,T,N,1.0,350.0,366.0,116,120,,,Character Level to Item Level mapping for some awarded items: L=character level
,,120,120,A,,$INT@AwardILvlE120+14,,,,,,,
,,,,A,,@AwardILvlE,,,,,,,
AWARDILVLF,S,,75,C,,0,,,,,,,Character Level to Item Level mapping for some awarded items: L=character level
,,,84,T,N,1.0,78.0,118.0,76,84,,,
,,,85,C,,0,,,,,,,
,,,93,T,N,1.0,129.4,163.0,86,93,,,
,,,95,C,,0,,,,,,,
,,,100,T,N,1.0,175.0,198.4,95,100,,,
,,,104,T,N,1.0,201.0,213.0,101,104,,,
,,,105,C,,220,,,,,,,
,,,114,T,N,1.0,300.0,323.0,106,114,,,
,,,115,C,,324,,,,,,,
,,,119,T,N,1.0,349.6,368.4,116,120,,,
AWARDILVLFA,S,,9,T,N,1.0,0.5,4.5,1,9,,,Character Level to Item Level mapping for some awarded items: L=character level
,,,19,T,N,1.0,6.0,15.0,10,19,,,
,,,23,T,N,1.0,15.5,17.0,20,23,,,
,,,49,T,N,1.0,18.0,43.0,24,49,,,
,,,65,T,N,1.0,43.0,58.0,50,65,,,
,,,75,T,N,1.0,60.0,69.0,66,75,,,
,,,84,A,,@AwardILvlF,,,,,,,
,,,85,C,,120,,,,,,,
,,,93,A,,@AwardILvlF,,,,,,,
,,,95,T,N,1.0,166.0,172.0,94,95,,,
,,,119,A,,@AwardILvlF,,,,,,,
,,,120,C,,368,,,,,,,
,,,129,T,N,1.0,400.0,423.0,121,129,,,
,,,130,C,,424,,,,,,,
,,,135,T,N,1.0,450.0,462.0,131,135,,,
,,,139,T,N,1.0,463.0,472.0,136,139,,,
,,,140,C,,473,,,,,,,
,,,150,T,N,1.0,500.4,520.4,141,150,,,
,,,160,T,N,1.0,550.4,550.4,151,160,,,
,,,,A,,@AwardILvlFA160,,,,,,,
AWARDILVLFB,S,,40,T,N,1.0,1.0,40.0,1,40,,,Character Level to Item Level mapping for some awarded items: L=character level
,,,45,T,N,1.0,40.0,44.0,41,45,,,
,,,50,T,N,1.0,45.4,47.0,46,50,,,
,,,55,T,N,1.0,51.0,54.4,51,55,,,
,,,60,T,N,1.0,54.0,57.4,56,60,,,
,,,75,T,N,1.0,58.0,72.0,61,75,,,
,,,84,A,,@AwardILvlF,,,,,,,
,,,85,C,,122,,,,,,,
,,,93,A,,@AwardILvlF,,,,,,,
,,,95,T,N,1.0,168.0,174.0,94,95,,,
,,,119,A,,@AwardILvlF,,,,,,,
,,,120,C,,380,,,,,,,
,,,125,T,N,1.0,400.0,416.0,121,125,,,
,,,129,T,N,1.0,418.0,430.0,126,129,,,
,,,130,C,,432,,,,,,,
,,,135,T,N,1.0,450.4,463.8,131,135,,,
,,,138,T,N,1.0,465.8,472.8,136,138,,,
,,,140,C,,475,,,,,,,
,,,150,T,N,1.0,500.4,526.4,141,150,,,
,,,160,T,N,1.0,550.4,562.4,151,160,,,
,,,,A,,@AwardILvlFB160,,,,,,,
AWARDILVLG,S,,120,A,,@AwardILvlC,,,,,,,Character Level to Item Level mapping for some awarded items: L=character level
,,,130,C,,400,,,,,,,
,,,,A,,@AwardILvlA,,,,,,,
AWARDILVLGA,S,121,130,T,N,1.0,400.4,412.4,121,130,,,Character Level to Item Level mapping for some awarded items: L=character level
,,,,A,,@AwardILvlG,,,,,,,
AWARDILVLGB,S,121,130,T,N,1.0,400.4,418.4,121,130,,,Character Level to Item Level mapping for some awarded items: L=character level
,,,,A,,@AwardILvlG,,,,,,,
AWARDILVLGC,S,121,130,T,N,1.0,400.4,408.3,121,130,,,Character Level to Item Level mapping for some awarded items: L=character level
,,,,A,,@AwardILvlG,,,,,,,
AWARDILVLGD,S,121,130,T,N,1.0,400.4,426.4,121,130,,,Character Level to Item Level mapping for some awarded items: L=character level
,,,,A,,@AwardILvlG,,,,,,,
AWARDILVLGE,S,121,130,T,N,1.0,400.4,434.4,121,130,,,Character Level to Item Level mapping for some awarded items: L=character level
,,,,A,,@AwardILvlG,,,,,,,
AWARDILVLGF,S,121,130,T,N,1.0,400.4,440.4,121,130,,,Character Level to Item Level mapping for some awarded items: L=character level
,,,,A,,@AwardILvlG,,,,,,,
AWARDILVLH,S,,4,A,,@AwardILvlA1,,,,,,,Character Level to Item Level mapping for some awarded items: L=character level
,,,50,A,,@AwardILvlA($L-4),,,,,,,
,,,54,A,,@AwardILvlA51,,,,,,,
,,,75,A,,@AwardILvlA($L-4),,,,,,,
,,,,L,,1,-4,,,,,,
AWARDILVLI,S,,44,C,,1,,,,,,1,Character Level to Item Level mapping for some awarded items: L=character level
,,,55,C,,52,,,,,,,
,,,75,A,,RoundDblDown(($L-56)/5$PNULL)*5+60,,,,,,,
,,,85,A,,RoundDblDown(($L-76)/5$PNULL)*29+100,,,,,,,
,,,95,A,,RoundDblDown(($L-86)/5$PNULL)*20+155,,,,,,,
,,,100,A,,RoundDblDown(($L-96)/4$PNULL)*10+190,,,,,,,
,,,105,A,,RoundDblDown(($L-101)/4$PNULL)*35+215,,,,,,,
,,,110,A,,$INT@LvlToILvl106+15,,,,,,,
,,,115,A,,@LvlToILvl115,,,,,,,
,,,119,A,,$INT@LvlToILvl116+15,,,,,,,
,,,120,A,,@LvlToILvl120,,,,,,,
,,,125,A,,$INT@LvlToILvl121+15,,,,,,,
,,,130,A,,@LvlToILvl130,,,,,,,
,,,135,A,,$INT@LvlToILvl131+15,,,,,,,
,,,140,A,,@LvlToILvl140,,,,,,,
,,,145,A,,$INT@LvlToILvl141+15,,,,,,,
,,,150,A,,@LvlToILvl150,,,,,,,
,,,155,A,,$INT@LvlToILvl151+15,,,,,,,
,,,160,A,,@LvlToILvl160,,,,,,,
,,,,A,,@AwardILvlI160,,,,,,,
AWARDILVLIA,S,,44,A,,@AwardILvlI,,,,,,,Character Level to Item Level mapping for some awarded items: L=character level
,,,55,A,,RoundDblDown(($L-45)/6$PNULL)+51,,,,,,,
,,,90,A,,@AwardILvlI,,,,,,,
,,,104,A,,RoundDblDown(($L-91)/5$PNULL)*25+165,,,,,,,
,,,105,A,,@LvlToILvl,,,,,,,
,,,110,A,,$INT@LvlToILvl106+15,,,,,,,
,,,115,A,,$INT@LvlToILvl115-20,,,,,,,
,,,120,A,,$INT@LvlToILvl116+15,,,,,,,
,,,125,A,,$INT@LvlToILvl121+15,,,,,,,
,,,130,A,,$INT@LvlToILvl130-20,,,,,,,
,,,135,A,,$INT@LvlToILvl131+15,,,,,,,
,,,140,A,,$INT@LvlToILvl140-4,,,,,,,
,,,150,A,,$INT@LvlToILvl141+15,,,,,,,
,,,,A,,@AwardILvlIA150,,,,,,,
AWARDILVLJ,S,,130,A,,@AwardILvlC,,,,,,,Character Level to Item Level mapping for some awarded items: L=character level
,,,140,T,N,1.0,450.4,460.4,131,140,,,
,,,,A,,@AwardILvlA,,,,,,,
AWARDILVLJA,S,131,140,T,N,1.0,450.4,465.4,131,140,,,Character Level to Item Level mapping for some awarded items: L=character level
,,,,A,,@AwardILvlJ,,,,,,,
AWARDILVLJB,S,131,140,T,N,1.0,450.4,470.4,131,140,,,Character Level to Item Level mapping for some awarded items: L=character level
,,,,A,,@AwardILvlJ,,,,,,,
AWARDILVLJC,S,131,140,T,N,1.0,450.4,475.4,131,140,,,Character Level to Item Level mapping for some awarded items: L=character level
,,,,A,,@AwardILvlJ,,,,,,,
AWARDILVLJD,S,131,140,T,N,1.0,450.4,480.4,131,140,,,Character Level to Item Level mapping for some awarded items: L=character level
,,,,A,,@AwardILvlJ,,,,,,,
AWARDILVLK,S,,,A,,@CombatBaseTacHPSLvlToILvl,,,,,,,Character Level to Item Level mapping for some awarded items: L=character level
AWARDILVLL,S,,50,A,,@AwardILvlB,,,,,,,Character Level to Item Level mapping for some awarded items: L=character level
,,,54,A,,$INT@AwardILvlA-3,,,,,,,
,,,74,A,,$INT@AwardILvlA-4,,,,,,,
,,,75,A,,$INT@AwardILvlA-5,,,,,,,
,,,95,A,,$INT@AwardILvlA-1,,,,,,,
,,,115,A,,$INT@AwardILvlA-2,,,,,,,
,,,120,A,,@AwardILvlA,,,,,,,
,,,130,T,N,1.0,397.0,400.0,121,130,,,
,,,134,A,,@AwardILvlA,,,,,,,
,,,137,D,,449|450|450,,,,,,,
,,,140,A,,@AwardILvlL($L-3),,,,,,,
,,,145,T,N,1.0,495.4,500.4,141,145,,,
,,,150,T,N,1.0,500.5,502.0,146,150,,,
,,,154,T,N,1.0,545.4,549.4,151,154,,,
,,,157,T,N,1.0,549.0,550.0,155,157,,,
,,,160,T,N,1.0,550.0,550.0,158,160,,,
,,,,A,,@AwardILvlL160,,,,,,,
AWARDILVLLA,S,18,25,A,,@AwardILvlA,,,,,,,Character Level to Item Level mapping for some awarded items: L=character level
,,26,30,T,N,1.0,$INT@AwardILvlA26,$INT@AwardILvlL30,26,30,,,
,,,,A,,@AwardILvlL,,,,,,,
AWARDILVLM,S,,140,A,,@AwardILvlC,,,,,,,Character Level to Item Level mapping for some awarded items: L=character level
,,,150,A,,$INT@AwardILvlC-21,,,,,,,
,,,160,T,N,1.0,550.4,565.4,151,160,,,
,,,,A,,@AwardILvlM160,,,,,,,
AWARDILVLMA,S,,150,A,,@AwardILvlM,,,,,,,Character Level to Item Level mapping for some awarded items: L=character level
,,,160,T,N,1.0,550.4,560.4,151,160,,,
,,,,A,,@AwardILvlMA160,,,,,,,
AWARDILVLMB,S,,150,A,,@AwardILvlM,,,,,,,Character Level to Item Level mapping for some awarded items: L=character level
,,,160,T,N,1.0,550.4,570.4,151,160,,,
,,,,A,,@AwardILvlMB160,,,,,,,
AWARDLVLCAP,S,,,C,,160,,,,,,,Maximum character level for Item Level mappings
AWARDLVLTOILVL,S,,,A,,@AwardILvlC,,,,,,,Character Level to Item Level mapping for some awarded items: L=character level
AXE2HARMOURREND,S,,,A,,@ArmourRend#(-1.0),,,,,,,Armour Rend effect on 2H axes: L=item level
AXEARMOURREND,S,,,A,,@ArmourRend#(-0.5),,,,,,,Armour Rend effect on 1H axes: L=item level
BALANCEOFMANBLOCK,S,,,A,,@BlockT#0.8,,,,,,,Man Racial Passive Trait: L=character level
BALANCEOFMANEVADE,S,,,A,,@EvadeT#1.0,,,,,,,Man Racial Passive Trait: L=character level
BALANCEOFMANPARRY,S,,,A,,@ParryT#0.8,,,,,,,Man Racial Passive Trait: L=character level
BATTLELOREMAS,S,,105,A,,@Mastery#2.5,,,,,,,Scroll of Battle Lore Mastery
,,120|130,120|130,A,,@MasteryT#1.6,,,,,,,
,,,,A,,@MasteryT#1.2,,,,,,,
BATTLELOREPHYMAS,S,,,A,,@BattleLoreMas,,,,,,,Scroll of Battle Lore Physical Mastery
BATTLELORETACMAS,S,,,A,,@BattleLoreMas,,,,,,,Scroll of Battle Lore Tactical Mastery
BELERIANDMIT,S,,,A,,@DmgTypeMit#,,,,,,,Main Beleriand Mitigation on items calculation
BELERIANDMITT,S,,,A,,@DmgTypeMitT#,,,,,,2,Main Beleriand Mitigation in traits/effects calculation
BEOBEARFORMCRITDEF,S,,,A,,@CritDefT#0.4,,,,,,,Bear-form Critical Defence buff: L=character level
BEOEMISSARYFATE,S,,,A,,@FateT#1.0,,,,,,,Beorning Racial Passive Trait: L=character level
BEOFATE,S,,,A,,@FateT#($FLOAT@Trait12345Choice($N)*0.4),,,,,,2,"Beorning Fate trait Fate: L=character level, N=trait rank"
BEOFERALPRESFATE,S,,,A,,@FateT#1.0,,,,,,,Beorning Feral Presence skill Fate
BEOFEWINNUMBERFATE,S,,,A,,-$FLOAT@FateT#0.4,,,,,,1,Beorning Racial Characteristic passive trait
BEOMIGHTOFTHEWILDMIGHT,S,,,A,,@MightT#1.0,,,,,,1,Beorning Racial Characteristic passive trait
BEORNINGCDAGILITYTOCRITHIT,S,,,C,,2.0,,,,,,,Beorning Agility stat contribution
BEORNINGCDAGILITYTOEVADE,S,,,C,,1.0,,,,,,,Beorning Agility stat contribution
BEORNINGCDAGILITYTOFINESSE,S,,,C,,1.0,,,,,,,Beorning Agility stat contribution
BEORNINGCDAGILITYTOOUTHEAL,S,,,C,,2.0,,,,,,,Beorning Agility stat contribution
BEORNINGCDAGILITYTOPHYMAS,S,,,C,,2.0,,,,,,,Beorning Agility stat contribution
BEORNINGCDARMOURTOCOMPHYMIT,S,,,C,,1.0,,,,,,,Beorning Armour stat contribution
BEORNINGCDARMOURTONONPHYMIT,S,,,C,,0.2,,,,,,,Beorning Armour stat contribution
BEORNINGCDARMOURTOTACMIT,S,,,C,,0.2,,,,,,,Beorning Armour stat contribution
BEORNINGCDARMOURTYPE,S,,,C,,3,,,,,,1,"Class armour type: Light=1, Medium=2, Heavy=3"
BEORNINGCDBASEAGILITY,S,,,A,,@ClassBaseAgilityM,,,,,,1,Beorning Class Base stats: L=character level
BEORNINGCDBASEFATE,S,,,A,,@ClassBaseFate,,,,,,1,Beorning Class Base stats: L=character level
BEORNINGCDBASEICMR,S,,,A,,@ClassBaseICMRM,,,,,,1,Beorning Class Base stats: L=character level
BEORNINGCDBASEICPR,S,,,A,,@ClassBaseICPR,,,,,,1,Beorning Class Base stats: L=character level
BEORNINGCDBASEMIGHT,S,,,A,,@ClassBaseMightM,,,,,,1,Beorning Class Base stats: L=character level
BEORNINGCDBASEMORALE,S,,,A,,@ClassBaseMorale,,,,,,1,Beorning Class Base stats: L=character level
BEORNINGCDBASENCMR,S,,,A,,@ClassBaseNCMRM,,,,,,1,Beorning Class Base stats: L=character level
BEORNINGCDBASENCPR,S,,,A,,@ClassBaseNCPR,,,,,,1,Beorning Class Base stats: L=character level
BEORNINGCDBASEPOWER,S,,,C,,10,,,,,,1,Beorning Class Base stats: L=character level
BEORNINGCDBASEVITALITY,S,,,A,,@ClassBaseVitality,,,,,,1,Beorning Class Base stats: L=character level
BEORNINGCDBASEWILL,S,,,A,,@ClassBaseWillM,,,,,,1,Beorning Class Base stats: L=character level
BEORNINGCDCALCTYPECOMPHYMIT,S,,,C,,14,,,,,,1,"Class common/physical mitigation calculation type: Light=12, Medium=13, Heavy=14"
BEORNINGCDCALCTYPENONPHYMIT,S,,,C,,14,,,,,,1,"Class non-common/physical mitigation calculation type: Light=12, Medium=13, Heavy=14"
BEORNINGCDCALCTYPETACMIT,S,,,C,,27,,,,,,1,"Class tactical mitigation calculation type: Light=25, Medium=26, Heavy=27"
BEORNINGCDCANBLOCK,S,6,,C,,1,,,,,,1,"Class can block? Yes=1, No=0"
BEORNINGCDFATETOICMR,S,,,C,,0.1,,,,,,,Beorning Fate stat contribution
BEORNINGCDFATETOMORALE,S,,,C,,1.0,,,,,,,Beorning Fate stat contribution
BEORNINGCDFATETONCMR,S,,,C,,0.24,,,,,,,Beorning Fate stat contribution
BEORNINGCDMIGHTTOCRITHIT,S,,,C,,1.0,,,,,,,Beorning Might stat contribution
BEORNINGCDMIGHTTOEVADE,S,,,C,,2.0,,,,,,,Beorning Might stat contribution
BEORNINGCDMIGHTTOOUTHEAL,S,,,C,,3.0,,,,,,,Beorning Might stat contribution
BEORNINGCDMIGHTTOPARRY,S,,,C,,1.0,,,,,,,Beorning Might stat contribution
BEORNINGCDMIGHTTOPHYMAS,S,,,C,,3.0,,,,,,,Beorning Might stat contribution
BEORNINGCDMIGHTTOPHYMIT,S,,,C,,1.0,,,,,,,Beorning Might stat contribution
BEORNINGCDMIGHTTOTACMIT,S,,,C,,1.0,,,,,,,Beorning Might stat contribution
BEORNINGCDPHYMITTOCOMPHYMIT,S,,,C,,1.0,,,,,,,Beorning PhyMit stat contribution
BEORNINGCDPHYMITTONONPHYMIT,S,,,C,,1.0,,,,,,,Beorning PhyMit stat contribution
BEORNINGCDTACMASTOOUTHEAL,S,,,C,,1.0,,,,,,,Beorning TacMas stat contribution
BEORNINGCDVITALITYTOICMR,S,,,C,,0.012,,,,,,,Beorning Vitality stat contribution
BEORNINGCDVITALITYTOMORALE,S,,,C,,4.5,,,,,,,Beorning Vitality stat contribution
BEORNINGCDVITALITYTONCMR,S,,,C,,0.12,,,,,,,Beorning Vitality stat contribution
BEORNINGCDWILLTOFINESSE,S,,,C,,1.0,,,,,,,Beorning Will stat contribution
BEORNINGCDWILLTOOUTHEAL,S,,,C,,1.0,,,,,,,Beorning Will stat contribution
BEORNINGCDWILLTOPHYMAS,S,,,C,,1.0,,,,,,,Beorning Will stat contribution
BEORNINGCDWILLTOPHYMIT,S,,,C,,1.5,,,,,,,Beorning Will stat contribution
BEORNINGCDWILLTORESIST,S,,,C,,1.0,,,,,,,Beorning Will stat contribution
BEORNINGCDWILLTOTACMIT,S,,,C,,1.5,,,,,,,Beorning Will stat contribution
BEORNINGRDPSVONEFATE,S,,,A,,@BeoEmissaryFate,,,,,,,Beorning Racial Passive Trait One: L=character level
BEORNINGRDPSVONENAME,S,,,A,,!Emissary!,,,,,,,Beorning Racial Passive Trait One: L=character level
BEORNINGRDPSVTWONAME,S,,,A,,!!,,,,,,,Beorning Racial Passive Trait Two: L=character level
BEORNINGRDTRAITFATE,S,,,A,,@BeoFewinNumberFate,,,,,,1,Beorning Racial Characteristic passive stat cumulative
BEORNINGRDTRAITMIGHT,S,,,A,,@BeoMightoftheWildMight,,,,,,1,Beorning Racial Characteristic passive stat cumulative
BEORNINGRDTRAITVITALITY,S,,,A,,@BeoThickHideVitality,,,,,,1,Beorning Racial Characteristic passive stat cumulative
BEOTHICKHIDEVITALITY,S,,,A,,@VitalityT#1.0,,,,,,1,Beorning Racial Characteristic passive trait
BEOVITALITYINCREASE,S,,,A,,@VitalityT#($FLOAT@Trait567810Choice($N)*0.4),,,,,,2,"Beorning Vitality Increase trait Vitality: L=character level, N=trait rank"
BLACKARROWCANBLOCK,S,,,C,,1,,,,,,1,"Class can block? Yes=1, No=0"
BLACKARROWCDCALCTYPECOMPHYMIT,S,,,C,,13,,,,,,1,"Class common/physical mitigation calculation type: Light=12, Medium=13, Heavy=14"
BLACKARROWCDCALCTYPENONPHYMIT,S,,,C,,14,,,,,,1,"Class non-common/physical mitigation calculation type: Light=12, Medium=13, Heavy=14"
BLACKARROWCDCALCTYPETACMIT,S,,,C,,27,,,,,,1,"Class tactical mitigation calculation type: Light=25, Medium=26, Heavy=27"
BLACKARROWCDHASPOWER,S,,,C,,1,,,,,,1,"Class has Power stat?: Yes=1, No=0"
BLOCK,S,,,A,,@BPE#,,,,,,,Main Block rating on items calculation
BLOCKC,S,,,A,,@BPEC#,,,,,,,
BLOCKCI,S,,,A,,@BPECI#,,,,,,,
BLOCKPBONUS,S,,,A,,@BPEPBonus,,,,,,1,"Block Chance, Percentage Bonus"
BLOCKPPRAT,S,,,A,,@BPEPPRat#,,,,,,1,"Block Chance, Percentage Rating: N=percentage"
BLOCKPRATP,S,,,A,,@BPEPRatP#,,,,,,1,"Block Chance, Rating Percentage: N=rating"
BLOCKPRATPA,S,,,A,,@BPEPRatPA,,,,,,1,"Block Chance, Rating Percentage A"
BLOCKPRATPB,S,,,A,,@BPEPRatPB,,,,,,1,"Block Chance, Rating Percentage B-rating"
BLOCKPRATPC,S,,,A,,@BPEPRatPC,,,,,,1,"Block Chance, Rating Percentage C (curve constant)"
BLOCKPRATPCAP,S,,,A,,@BPEPRatPCap,,,,,,1,"Block Chance, Rating Percentage Cap"
BLOCKPRATPCAPR,S,,,A,,@BPEPRatPCapR,,,,,,1,"Block Chance, Rating Percentage Cap Rating"
BLOCKT,S,,,A,,@BPET#,,,,,,2,Main Block rating in traits/effects calculation
BPE,S,,,S,E,PntMPBPE,ItemPntS,BPEPRatPB,AdjItemRat,,L,,Main Block/Parry/Evade rating on items calculation
BPEC,S,,,S,,,CreepTraitPntS,CreepTraitProgB,,$FLOAT@BPECI($INT@BPECILvlFilter#)#,L,,"Creep Traits/Effects stat: L=cLvl, N=pts"
BPECI,S,,,S,L,PntMPBPEC,ItemPntS,BPEPRatPB,AdjCreepStd,,,,"Creep Item stat: L=iLvl, N=pts"
BPECILVLFILTER,S,,,V,,0,$CREEPILVLCURR,,,,,,Creep iLvl point filter (returns iLvl based on pts): N=pts
BPEPPRAT,S,,,R,,$FLOAT@BPEPRatPA,$FLOAT@BPEPRatPB,$FLOAT@BPEPRatPCapR,,,,1,"Block/Parry/Evade Chance, Percentage Rating: N=percentage"
BPEPRATP,S,,,P,,$FLOAT@BPEPRatPA,$FLOAT@BPEPRatPB,$FLOAT@BPEPRatPCap,,,,1,"Block/Parry/Evade Chance, Rating Percentage: N=rating"
BPEPRATPA,S,,,C,,39.0,,,,,,1,"Block/Parry/Evade Chance, Rating Percentage A"
BPEPRATPB,S,,,A,,@BRatStandard,,,,,,3,"Block/Parry/Evade Chance, Rating Percentage B-rating"
BPEPRATPC,S,,,C,,0.5,,,,,,1,"Block/Parry/Evade Chance, Rating Percentage C (curve constant)"
BPEPRATPCAP,S,,,C,,13.0,,,,,,1,"Block/Parry/Evade Chance, Rating Percentage Cap"
BPEPRATPCAPR,S,,,A,,$FLOAT@BPEPRatPB*$FLOAT@BPEPRatPC,,,,,,1,"Block/Parry/Evade Chance, Rating Percentage Cap Rating"
BPET,S,,,S,E,PntMPBPE,TraitPntS,BPEPRatPB,AdjTraitRat,,L,3,Main Block/Parry/Evade rating in traits/effects calculation
BRATCRITMAGN,S,,,A,,@BRatRounded#($FLOAT@StdProgRatings#600.0),,,,,,1,B-rating progression CritMagn. L=character level
BRATDEVHIT,S,,,A,,@BRatRounded#($FLOAT@StdProgRatings#400.0),,,,,,1,B-rating progression DevHit. L=character level
BRATEXTRA,S,,,A,,@BRatRounded#($FLOAT@StdProgRatings#300.0),,,,,,3,B-rating progression for group CritHit/OutDmg/Resist. L=character level
BRATMITBASE,S,,,S,,,StdPntS,BRatStandard,,,P,3,"B-rating base progression for Mitigations. L=character level, N=multiplier"
BRATMITHEAVY,S,,1,C,,200.0,,,,,,1,B-rating progression for Mitigation Heavy. L=character level
,,50,,A,,@BRatRounded#($FLOAT@BRatMitBase#1.0),,,,,,,
,,,,T,N0,1.0,$FLOAT@BRatMitHeavy1,$FLOAT@BRatMitHeavy50,1,50,,,
BRATMITLIGHT,S,,1,C,,105.0,,,,,,1,B-rating progression Mitigation Light. L=character level
,,50,,A,,@BRatRounded#($FLOAT@BRatMitBase#0.666),,,,,,,
,,,,T,N0,1.0,$FLOAT@BRatMitLight1,$FLOAT@BRatMitLight50,1,50,,,
BRATMITMEDIUM,S,,1,C,,144.0,,,,,,3,B-rating progression Mitigation Medium. L=character level
,,50,,A,,@BRatRounded#($FLOAT@BRatMitBase#0.833),,,,,,,
,,,,T,N0,1.0,$FLOAT@BRatMitMedium1,$FLOAT@BRatMitMedium50,1,50,,,
BRATOUTHEAL,S,,,A,,@BRatRounded#($FLOAT@StdProgRatings#450.0),,,,,,3,B-rating progression OutHeal. L=character level
BRATPARTBPE,S,,,A,,@BRatRounded#($FLOAT@StdProgRatings#350.0),,,,,,3,B-rating progression BPE Partials. L=character level
BRATROUNDED,S,,50,A,N0,$N,,,,,,3,"B-rating as Percentage Calculation Base. L=character level, N=B-rating"
,,,105,A,N-1,$N,,,,,,,
,,,115,A,N-2,$N,,,,,,,
,,,130,A,N-1,$N,,,,,,,
,,,160,A,N-2,$N,,,,,,,
,,,,A,N0,$N,,,,,,,
BRATSTANDARD,S,,,A,,@BRatRounded#($FLOAT@StdProgRatings#200.0),,,,,,3,B-rating progression for group BPE/CritDef/Finesse/InDmg/InHeal. L=character level
BRAWLERCDAGILITYTOCRITHIT,S,,,C,,2.0,,,,,,,Brawler Agility stat contribution
BRAWLERCDAGILITYTOEVADE,S,,,C,,2.0,,,,,,,Brawler Agility stat contribution
BRAWLERCDAGILITYTOFINESSE,S,,,C,,1.0,,,,,,,Brawler Agility stat contribution
BRAWLERCDAGILITYTOOUTHEAL,S,,,C,,2.0,,,,,,,Brawler Agility stat contribution
BRAWLERCDAGILITYTOPHYMAS,S,,,C,,2.0,,,,,,,Brawler Agility stat contribution
BRAWLERCDARMOURTOCOMPHYMIT,S,,,C,,1.0,,,,,,,Brawler Armour stat contribution
BRAWLERCDARMOURTONONPHYMIT,S,,,C,,0.2,,,,,,,Brawler Armour stat contribution
BRAWLERCDARMOURTOTACMIT,S,,,C,,0.2,,,,,,,Brawler Armour stat contribution
BRAWLERCDARMOURTYPE,S,,,C,,3,,,,,,1,"Class armour type: Light=1, Medium=2, Heavy=3"
BRAWLERCDBASEAGILITY,S,,,A,,@ClassBaseAgilityM,,,,,,1,Brawler Class Base stats: L=character level
BRAWLERCDBASEFATE,S,,,A,,@ClassBaseFate,,,,,,1,Brawler Class Base stats: L=character level
BRAWLERCDBASEICMR,S,,,A,,@ClassBaseICMRL,,,,,,1,Brawler Class Base stats: L=character level
BRAWLERCDBASEICPR,S,,,A,,@ClassBaseICPR,,,,,,1,Brawler Class Base stats: L=character level
BRAWLERCDBASEMIGHT,S,,,A,,@ClassBaseMightH,,,,,,1,Brawler Class Base stats: L=character level
BRAWLERCDBASEMORALE,S,,,A,,@ClassBaseMorale,,,,,,1,Brawler Class Base stats: L=character level
BRAWLERCDBASENCMR,S,,,A,,@ClassBaseNCMRL,,,,,,1,Brawler Class Base stats: L=character level
BRAWLERCDBASENCPR,S,,,A,,@ClassBaseNCPR,,,,,,1,Brawler Class Base stats: L=character level
BRAWLERCDBASEPOWER,S,,,A,,@ClassBasePower,,,,,,1,Brawler Class Base stats: L=character level
BRAWLERCDBASEVITALITY,S,,,A,,@ClassBaseVitality,,,,,,1,Brawler Class Base stats: L=character level
BRAWLERCDBASEWILL,S,,,A,,@ClassBaseWillL,,,,,,1,Brawler Class Base stats: L=character level
BRAWLERCDCALCTYPECOMPHYMIT,S,,,C,,14,,,,,,1,"Class common/physical mitigation calculation type: Light=12, Medium=13, Heavy=14"
BRAWLERCDCALCTYPENONPHYMIT,S,,,C,,14,,,,,,1,"Class non-common/physical mitigation calculation type: Light=12, Medium=13, Heavy=14"
BRAWLERCDCALCTYPETACMIT,S,,,C,,27,,,,,,1,"Class tactical mitigation calculation type: Light=25, Medium=26, Heavy=27"
BRAWLERCDFATETOICPR,S,,,C,,0.015,,,,,,,Brawler Fate stat contribution
BRAWLERCDFATETONCPR,S,,,C,,0.15,,,,,,,Brawler Fate stat contribution
BRAWLERCDFATETOPOWER,S,,,C,,1.5,,,,,,,Brawler Fate stat contribution
BRAWLERCDHASPOWER,S,,,C,,1,,,,,,1,"Class has Power stat?: Yes=1, No=0"
BRAWLERCDMIGHTTOCRITHIT,S,,,C,,1.0,,,,,,,Brawler Might stat contribution
BRAWLERCDMIGHTTOEVADE,S,,,C,,1.0,,,,,,,Brawler Might stat contribution
BRAWLERCDMIGHTTOOUTHEAL,S,,,C,,3.0,,,,,,,Brawler Might stat contribution
BRAWLERCDMIGHTTOPARRY,S,,,C,,1.0,,,,,,,Brawler Might stat contribution
BRAWLERCDMIGHTTOPHYMAS,S,,,C,,3.0,,,,,,,Brawler Might stat contribution
BRAWLERCDMIGHTTOPHYMIT,S,,,C,,1.0,,,,,,,Brawler Might stat contribution
BRAWLERCDMIGHTTOTACMIT,S,,,C,,1.0,,,,,,,Brawler Might stat contribution
BRAWLERCDPHYMITTOCOMPHYMIT,S,,,C,,1.0,,,,,,,Brawler PhyMit stat contribution
BRAWLERCDPHYMITTONONPHYMIT,S,,,C,,1.0,,,,,,,Brawler PhyMit stat contribution
BRAWLERCDTACMASTOOUTHEAL,S,,,C,,1.0,,,,,,,Brawler TacMas stat contribution
BRAWLERCDVITALITYTOICMR,S,,,C,,0.012,,,,,,,Brawler Vitality stat contribution
BRAWLERCDVITALITYTOMORALE,S,,,C,,4.5,,,,,,,Brawler Vitality stat contribution
BRAWLERCDVITALITYTONCMR,S,,,C,,0.12,,,,,,,Brawler Vitality stat contribution
BRAWLERCDWILLTOFINESSE,S,,,C,,1.0,,,,,,,Brawler Will stat contribution
BRAWLERCDWILLTOOUTHEAL,S,,,C,,1.0,,,,,,,Brawler Will stat contribution
BRAWLERCDWILLTOPHYMAS,S,,,C,,1.0,,,,,,,Brawler Will stat contribution
BRAWLERCDWILLTOPHYMIT,S,,,C,,1.5,,,,,,,Brawler Will stat contribution
BRAWLERCDWILLTORESIST,S,,,C,,1.0,,,,,,,Brawler Will stat contribution
BRAWLERCDWILLTOTACMIT,S,,,C,,1.5,,,,,,,Brawler Will stat contribution
BRGALLINFINESSE,S,,,A,,@Finesse#2.0,,,,,,2,Burglar All In Finesse: L=character level
BRGREVWEAKNFINESSE,S,,,A,,-$FLOAT@FinesseT#0.4,,,,,,2,Burglar Reveal Weakness: -Finesse: L=character level
BRGSMALLSNAGFINESSE,S,,,A,,-$FLOAT@FinesseT#0.8,,,,,,2,Burglar Reveal Weakness: -Finesse: L=character level
BRWAGGPOSTUREPHYMIT,S,,,A,,-$FLOAT@PhyMitT#3.0,,,,,,2,Brawler Aggressive Posture Physical Mitigation debuff: L=character level
BRWDEFPOSTUREPHYMAS,S,,,A,,-$FLOAT@PhyMasT#4.0,,,,,,2,Brawler Defensive Posture Physical Mastery debuff: L=character level
BRWINNSTRCLEVTECHFINESSE,S,,,A,,@FinesseT#($FLOAT@Trait13510Choice($N)*0.2),,,,,,2,"Brawler Innate Strength – Clever Technique tiered Finesse Rating buff: L=character level, N=tier"
BRWINNSTRPRECISIONCRITHIT,S,,,A,,@CritHitT#($FLOAT@Trait13510Choice($N)*0.2),,,,,,2,"Brawler Innate Strength – Precision tiered Critical Rating buff: L=character level, N=tier"
BRWMAELSTROMMIGHT,S,,,A,,@MightT#2.0,,,,,,2,Brawler Maelstrom trait tree Might: L=character level
BRWMIGHTINCREASE,S,,,A,,@MightT#($FLOAT@Trait567810Choice($N)*0.4),,,,,,2,"Brawler Might Increase trait Might: L=character level, N=trait rank"
BRWRETINTENSITYCRITHIT,S,,,A,,@CritHitT#($FLOAT@Trait234Choice($N)),,,,,,2,"Brawler Retaliatory Intensity trait Critical Rating buff: L=character level, N=trait rank"
BRWRETPRECISIONFINESSE,S,,,A,,@FinesseT#($FLOAT@Trait234Choice($N)),,,,,,2,"Brawler Retaliatory Precision trait Finesse Rating buff: L=character level, N=trait rank"
BRWSHAREISBALANCEFINESSE,S,,,A,,@BrwInnStrClevTechFinesse#3,,,,,,2,Brawler Share Innate Strength: Balance Finesse Rating buff: L=character level
BRWSHAREISHEAVYCRITHIT,S,,,A,,@BrwInnStrPrecisionCritHit#3,,,,,,2,Brawler Share Innate Strength: Heavy Critical Rating buff: L=character level
BRWTACMIT,S,,,A,,@TacMitT#($FLOAT@Trait12345Choice($N)*0.4),,,,,,2,"Brawler Tactical Mitigation trait TacMit: L=character level, N=trait rank"
BRWVITALITYINCREASE,S,,,A,,@VitalityT#($FLOAT@Trait567810Choice($N)*0.4),,,,,,2,"Brawler Vitality Increase trait Vitality: L=character level, N=trait rank"
BURGLARCDAGILITYTOCRITHIT,S,,,C,,1.0,,,,,,,Burglar Agility stat contribution
BURGLARCDAGILITYTOEVADE,S,,,C,,2.0,,,,,,,Burglar Agility stat contribution
BURGLARCDAGILITYTOOUTHEAL,S,,,C,,3.0,,,,,,,Burglar Agility stat contribution
BURGLARCDAGILITYTOPARRY,S,,,C,,1.0,,,,,,,Burglar Agility stat contribution
BURGLARCDAGILITYTOPHYMAS,S,,,C,,3.0,,,,,,,Burglar Agility stat contribution
BURGLARCDAGILITYTOPHYMIT,S,,,C,,1.0,,,,,,,Burglar Agility stat contribution
BURGLARCDAGILITYTOTACMIT,S,,,C,,1.0,,,,,,,Burglar Agility stat contribution
BURGLARCDARMOURTOCOMPHYMIT,S,,,C,,1.0,,,,,,,Burglar Armour stat contribution
BURGLARCDARMOURTONONPHYMIT,S,,,C,,0.2,,,,,,,Burglar Armour stat contribution
BURGLARCDARMOURTOTACMIT,S,,,C,,0.2,,,,,,,Burglar Armour stat contribution
BURGLARCDARMOURTYPE,S,,,C,,2,,,,,,1,"Class armour type: Light=1, Medium=2, Heavy=3"
BURGLARCDBASEAGILITY,S,,,A,,@ClassBaseAgilityH,,,,,,1,Burglar Class Base stats: L=character level
BURGLARCDBASEFATE,S,,,A,,@ClassBaseFate,,,,,,1,Burglar Class Base stats: L=character level
BURGLARCDBASEICMR,S,,,A,,@ClassBaseICMRL,,,,,,1,Burglar Class Base stats: L=character level
BURGLARCDBASEICPR,S,,,A,,@ClassBaseICPR,,,,,,1,Burglar Class Base stats: L=character level
BURGLARCDBASEMIGHT,S,,,A,,@ClassBaseMightM,,,,,,1,Burglar Class Base stats: L=character level
BURGLARCDBASEMORALE,S,,,A,,@ClassBaseMorale,,,,,,1,Burglar Class Base stats: L=character level
BURGLARCDBASENCMR,S,,,A,,@ClassBaseNCMRL,,,,,,1,Burglar Class Base stats: L=character level
BURGLARCDBASENCPR,S,,,A,,@ClassBaseNCPR,,,,,,1,Burglar Class Base stats: L=character level
BURGLARCDBASEPOWER,S,,,A,,@ClassBasePower,,,,,,1,Burglar Class Base stats: L=character level
BURGLARCDBASEVITALITY,S,,,A,,@ClassBaseVitality,,,,,,1,Burglar Class Base stats: L=character level
BURGLARCDBASEWILL,S,,,A,,@ClassBaseWillL,,,,,,1,Burglar Class Base stats: L=character level
BURGLARCDCALCTYPECOMPHYMIT,S,,,C,,13,,,,,,1,"Class common/physical mitigation calculation type: Light=12, Medium=13, Heavy=14"
BURGLARCDCALCTYPENONPHYMIT,S,,,C,,13,,,,,,1,"Class non-common/physical mitigation calculation type: Light=12, Medium=13, Heavy=14"
BURGLARCDCALCTYPETACMIT,S,,,C,,26,,,,,,1,"Class tactical mitigation calculation type: Light=25, Medium=26, Heavy=27"
BURGLARCDFATETOICPR,S,,,C,,0.015,,,,,,,Burglar Fate stat contribution
BURGLARCDFATETONCPR,S,,,C,,0.15,,,,,,,Burglar Fate stat contribution
BURGLARCDFATETOPOWER,S,,,C,,1.5,,,,,,,Burglar Fate stat contribution
BURGLARCDHASPOWER,S,,,C,,1,,,,,,1,"Class has Power stat?: Yes=1, No=0"
BURGLARCDMIGHTTOCRITHIT,S,,,C,,1.5,,,,,,,Burglar Might stat contribution
BURGLARCDMIGHTTOEVADE,S,,,C,,1.0,,,,,,,Burglar Might stat contribution
BURGLARCDMIGHTTOFINESSE,S,,,C,,1.5,,,,,,,Burglar Might stat contribution
BURGLARCDMIGHTTOOUTHEAL,S,,,C,,2.0,,,,,,,Burglar Might stat contribution
BURGLARCDMIGHTTOPHYMAS,S,,,C,,2.0,,,,,,,Burglar Might stat contribution
BURGLARCDPHYMITTOCOMPHYMIT,S,,,C,,1.0,,,,,,,Burglar PhyMit stat contribution
BURGLARCDPHYMITTONONPHYMIT,S,,,C,,1.0,,,,,,,Burglar PhyMit stat contribution
BURGLARCDTACMASTOOUTHEAL,S,,,C,,1.0,,,,,,,Burglar TacMas stat contribution
BURGLARCDVITALITYTOICMR,S,,,C,,0.012,,,,,,,Burglar Vitality stat contribution
BURGLARCDVITALITYTOMORALE,S,,,C,,4.5,,,,,,,Burglar Vitality stat contribution
BURGLARCDVITALITYTONCMR,S,,,C,,0.12,,,,,,,Burglar Vitality stat contribution
BURGLARCDWILLTOCRITHIT,S,,,C,,0.5,,,,,,,Burglar Will stat contribution
BURGLARCDWILLTOFINESSE,S,,,C,,1.5,,,,,,,Burglar Will stat contribution
BURGLARCDWILLTOOUTHEAL,S,,,C,,2.0,,,,,,,Burglar Will stat contribution
BURGLARCDWILLTOPHYMAS,S,,,C,,2.0,,,,,,,Burglar Will stat contribution
BURGLARCDWILLTOPHYMIT,S,,,C,,1.0,,,,,,,Burglar Will stat contribution
BURGLARCDWILLTORESIST,S,,,C,,1.0,,,,,,,Burglar Will stat contribution
C,S,,,A,,$C,,,,,,,Not surprisingly returns C
CAPTAINCDAGILITYTOCRITHIT,S,,,C,,2.0,,,,,,,Captain Agility stat contribution
CAPTAINCDAGILITYTOFINESSE,S,,,C,,1.0,,,,,,,Captain Agility stat contribution
CAPTAINCDAGILITYTOPARRY,S,,,C,,1.0,,,,,,,Captain Agility stat contribution
CAPTAINCDAGILITYTOPHYMAS,S,,,C,,2.0,,,,,,,Captain Agility stat contribution
CAPTAINCDAGILITYTOTACMAS,S,,,C,,2.0,,,,,,,Captain Agility stat contribution
CAPTAINCDARMOURTOCOMPHYMIT,S,,,C,,1.0,,,,,,,Captain Armour stat contribution
CAPTAINCDARMOURTONONPHYMIT,S,,,C,,0.2,,,,,,,Captain Armour stat contribution
CAPTAINCDARMOURTOTACMIT,S,,,C,,0.2,,,,,,,Captain Armour stat contribution
CAPTAINCDARMOURTYPE,S,,,C,,3,,,,,,1,"Class armour type: Light=1, Medium=2, Heavy=3"
CAPTAINCDBASEAGILITY,S,,,A,,@ClassBaseAgilityL,,,,,,1,Captain Class Base stats: L=character level
CAPTAINCDBASEFATE,S,,,A,,@ClassBaseFate,,,,,,1,Captain Class Base stats: L=character level
CAPTAINCDBASEICMR,S,,,A,,@ClassBaseICMRM,,,,,,1,Captain Class Base stats: L=character level
CAPTAINCDBASEICPR,S,,,A,,@ClassBaseICPR,,,,,,1,Captain Class Base stats: L=character level
CAPTAINCDBASEMIGHT,S,,,A,,@ClassBaseMightH,,,,,,1,Captain Class Base stats: L=character level
CAPTAINCDBASEMORALE,S,,,A,,@ClassBaseMorale,,,,,,1,Captain Class Base stats: L=character level
CAPTAINCDBASENCMR,S,,,A,,@ClassBaseNCMRM,,,,,,1,Captain Class Base stats: L=character level
CAPTAINCDBASENCPR,S,,,A,,@ClassBaseNCPR,,,,,,1,Captain Class Base stats: L=character level
CAPTAINCDBASEPOWER,S,,,A,,@ClassBasePower,,,,,,1,Captain Class Base stats: L=character level
CAPTAINCDBASEVITALITY,S,,,A,,@ClassBaseVitality,,,,,,1,Captain Class Base stats: L=character level
CAPTAINCDBASEWILL,S,,,A,,@ClassBaseWillM,,,,,,1,Captain Class Base stats: L=character level
CAPTAINCDCALCTYPECOMPHYMIT,S,,,C,,14,,,,,,1,"Class common/physical mitigation calculation type: Light=12, Medium=13, Heavy=14"
CAPTAINCDCALCTYPENONPHYMIT,S,,,C,,14,,,,,,1,"Class non-common/physical mitigation calculation type: Light=12, Medium=13, Heavy=14"
CAPTAINCDCALCTYPETACMIT,S,,,C,,27,,,,,,1,"Class tactical mitigation calculation type: Light=25, Medium=26, Heavy=27"
CAPTAINCDCANBLOCK,S,15,,C,,1,,,,,,1,"Class can block? Yes=1, No=0"
CAPTAINCDFATETOICPR,S,,,C,,0.015,,,,,,,Captain Fate stat contribution
CAPTAINCDFATETONCPR,S,,,C,,0.15,,,,,,,Captain Fate stat contribution
CAPTAINCDFATETOPOWER,S,,,C,,1.5,,,,,,,Captain Fate stat contribution
CAPTAINCDHASPOWER,S,,,C,,1,,,,,,1,"Class has Power stat?: Yes=1, No=0"
CAPTAINCDMIGHTTOBLOCK,S,,,C,,2.0,,,,,,,Captain Might stat contribution
CAPTAINCDMIGHTTOCRITHIT,S,,,C,,1.0,,,,,,,Captain Might stat contribution
CAPTAINCDMIGHTTOPARRY,S,,,C,,1.0,,,,,,,Captain Might stat contribution
CAPTAINCDMIGHTTOPHYMAS,S,,,C,,3.0,,,,,,,Captain Might stat contribution
CAPTAINCDMIGHTTOPHYMIT,S,,,C,,1.0,,,,,,,Captain Might stat contribution
CAPTAINCDMIGHTTOTACMAS,S,,,C,,3.0,,,,,,,Captain Might stat contribution
CAPTAINCDMIGHTTOTACMIT,S,,,C,,1.0,,,,,,,Captain Might stat contribution
CAPTAINCDPHYMITTOCOMPHYMIT,S,,,C,,1.0,,,,,,,Captain PhyMit stat contribution
CAPTAINCDPHYMITTONONPHYMIT,S,,,C,,1.0,,,,,,,Captain PhyMit stat contribution
CAPTAINCDTACMASTOOUTHEAL,S,,,C,,1.0,,,,,,,Captain TacMas stat contribution
CAPTAINCDVITALITYTOICMR,S,,,C,,0.012,,,,,,,Captain Vitality stat contribution
CAPTAINCDVITALITYTOMORALE,S,,,C,,4.5,,,,,,,Captain Vitality stat contribution
CAPTAINCDVITALITYTONCMR,S,,,C,,0.12,,,,,,,Captain Vitality stat contribution
CAPTAINCDWILLTOFINESSE,S,,,C,,1.0,,,,,,,Captain Will stat contribution
CAPTAINCDWILLTOPHYMAS,S,,,C,,1.0,,,,,,,Captain Will stat contribution
CAPTAINCDWILLTOPHYMIT,S,,,C,,1.5,,,,,,,Captain Will stat contribution
CAPTAINCDWILLTORESIST,S,,,C,,1.0,,,,,,,Captain Will stat contribution
CAPTAINCDWILLTOTACMAS,S,,,C,,1.0,,,,,,,Captain Will stat contribution
CAPTAINCDWILLTOTACMIT,S,,,C,,1.5,,,,,,,Captain Will stat contribution
CHAMPIONCDAGILITYTOCRITHIT,S,,,C,,2.0,,,,,,,Champion Agility stat contribution
CHAMPIONCDAGILITYTOFINESSE,S,,,C,,1.0,,,,,,,Champion Agility stat contribution
CHAMPIONCDAGILITYTOOUTHEAL,S,,,C,,2.0,,,,,,,Champion Agility stat contribution
CHAMPIONCDAGILITYTOPARRY,S,,,C,,1.0,,,,,,,Champion Agility stat contribution
CHAMPIONCDAGILITYTOPHYMAS,S,,,C,,2.0,,,,,,,Champion Agility stat contribution
CHAMPIONCDARMOURTOCOMPHYMIT,S,,,C,,1.0,,,,,,,Champion Armour stat contribution
CHAMPIONCDARMOURTONONPHYMIT,S,,,C,,0.2,,,,,,,Champion Armour stat contribution
CHAMPIONCDARMOURTOTACMIT,S,,,C,,0.2,,,,,,,Champion Armour stat contribution
CHAMPIONCDARMOURTYPE,S,,,C,,3,,,,,,1,"Class armour type: Light=1, Medium=2, Heavy=3"
CHAMPIONCDBASEAGILITY,S,,,A,,@ClassBaseAgilityM,,,,,,1,Champion Class Base stats: L=character level
CHAMPIONCDBASEFATE,S,,,A,,@ClassBaseFate,,,,,,1,Champion Class Base stats: L=character level
CHAMPIONCDBASEICMR,S,,,A,,@ClassBaseICMRH,,,,,,1,Champion Class Base stats: L=character level
CHAMPIONCDBASEICPR,S,,,A,,@ClassBaseICPR,,,,,,1,Champion Class Base stats: L=character level
CHAMPIONCDBASEMIGHT,S,,,A,,@ClassBaseMightH,,,,,,1,Champion Class Base stats: L=character level
CHAMPIONCDBASEMORALE,S,,,A,,@ClassBaseMorale,,,,,,1,Champion Class Base stats: L=character level
CHAMPIONCDBASENCMR,S,,,A,,@ClassBaseNCMRH,,,,,,1,Champion Class Base stats: L=character level
CHAMPIONCDBASENCPR,S,,,A,,@ClassBaseNCPR,,,,,,1,Champion Class Base stats: L=character level
CHAMPIONCDBASEPOWER,S,,,A,,@ClassBasePower,,,,,,1,Champion Class Base stats: L=character level
CHAMPIONCDBASEVITALITY,S,,,A,,@ClassBaseVitality,,,,,,1,Champion Class Base stats: L=character level
CHAMPIONCDBASEWILL,S,,,A,,@ClassBaseWillL,,,,,,1,Champion Class Base stats: L=character level
CHAMPIONCDCALCTYPECOMPHYMIT,S,,,C,,14,,,,,,1,"Class common/physical mitigation calculation type: Light=12, Medium=13, Heavy=14"
CHAMPIONCDCALCTYPENONPHYMIT,S,,,C,,14,,,,,,1,"Class non-common/physical mitigation calculation type: Light=12, Medium=13, Heavy=14"
CHAMPIONCDCALCTYPETACMIT,S,,,C,,27,,,,,,1,"Class tactical mitigation calculation type: Light=25, Medium=26, Heavy=27"
CHAMPIONCDCANBLOCK,S,6,,C,,1,,,,,,1,"Class can block? Yes=1, No=0"
CHAMPIONCDFATETOICPR,S,,,C,,0.015,,,,,,,Champion Fate stat contribution
CHAMPIONCDFATETONCPR,S,,,C,,0.15,,,,,,,Champion Fate stat contribution
CHAMPIONCDFATETOPOWER,S,,,C,,1.5,,,,,,,Champion Fate stat contribution
CHAMPIONCDHASPOWER,S,,,C,,1,,,,,,1,"Class has Power stat?: Yes=1, No=0"
CHAMPIONCDMIGHTTOCRITHIT,S,,,C,,1.0,,,,,,,Champion Might stat contribution
CHAMPIONCDMIGHTTOOUTHEAL,S,,,C,,3.0,,,,,,,Champion Might stat contribution
CHAMPIONCDMIGHTTOPARRY,S,,,C,,3.0,,,,,,,Champion Might stat contribution
CHAMPIONCDMIGHTTOPHYMAS,S,,,C,,3.0,,,,,,,Champion Might stat contribution
CHAMPIONCDMIGHTTOPHYMIT,S,,,C,,1.0,,,,,,,Champion Might stat contribution
CHAMPIONCDMIGHTTOTACMIT,S,,,C,,1.0,,,,,,,Champion Might stat contribution
CHAMPIONCDPHYMITTOCOMPHYMIT,S,,,C,,1.0,,,,,,,Champion PhyMit stat contribution
CHAMPIONCDPHYMITTONONPHYMIT,S,,,C,,1.0,,,,,,,Champion PhyMit stat contribution
CHAMPIONCDTACMASTOOUTHEAL,S,,,C,,1.0,,,,,,,Champion TacMas stat contribution
CHAMPIONCDVITALITYTOICMR,S,,,C,,0.012,,,,,,,Champion Vitality stat contribution
CHAMPIONCDVITALITYTOMORALE,S,,,C,,4.5,,,,,,,Champion Vitality stat contribution
CHAMPIONCDVITALITYTONCMR,S,,,C,,0.12,,,,,,,Champion Vitality stat contribution
CHAMPIONCDWILLTOFINESSE,S,,,C,,1.0,,,,,,,Champion Will stat contribution
CHAMPIONCDWILLTOOUTHEAL,S,,,C,,1.0,,,,,,,Champion Will stat contribution
CHAMPIONCDWILLTOPHYMAS,S,,,C,,1.0,,,,,,,Champion Will stat contribution
CHAMPIONCDWILLTOPHYMIT,S,,,C,,1.5,,,,,,,Champion Will stat contribution
CHAMPIONCDWILLTORESIST,S,,,C,,1.0,,,,,,,Champion Will stat contribution
CHAMPIONCDWILLTOTACMIT,S,,,C,,1.5,,,,,,,Champion Will stat contribution
CHICKENCANBLOCK,S,,,C,,1,,,,,,1,"Class can block? Yes=1, No=0"
CHICKENCDCALCTYPECOMPHYMIT,S,,,C,,14,,,,,,1,"Class common/physical mitigation calculation type: Light=12, Medium=13, Heavy=14"
CHICKENCDCALCTYPENONPHYMIT,S,,,C,,14,,,,,,1,"Class non-common/physical mitigation calculation type: Light=12, Medium=13, Heavy=14"
CHICKENCDCALCTYPETACMIT,S,,,C,,27,,,,,,1,"Class tactical mitigation calculation type: Light=25, Medium=26, Heavy=27"
CHICKENCDHASPOWER,S,,,C,,1,,,,,,1,"Class has Power stat?: Yes=1, No=0"
CHISELCRITHITH,S,,,A,TE,$FLOAT@DirectRatings#(4088.0/1200.0),,,,,,,Rune-keeper Chisel: CritHit – High: L=level
CHISELCRITHITL,S,,,A,TE,$FLOAT@DirectRatings#(2726.0/1200.0),,,,,,,Rune-keeper Chisel: CritHit – Low: L=level
CHPCONTRBURNICPR,S,,,A,,@ICPRT#0.4,,,,,,2,Champion Controlled Burn ICPR: L=character level
CHPFINESSEINCREASE,S,,,A,,@FinesseT#($FLOAT@Trait12345Choice($N)*0.4),,,,,,2,"Champion Finesse Increase trait Finesse: L=character level, N=trait rank"
CHPFLURRYINCRCRITHIT,S,,,A,,@CritHitT#2.4,,,,,,2,Champion Flurry Increase trait CritHit: L=character level
CHPMIGHTINCREASE,S,,,A,,@MightT#($FLOAT@Trait567810Choice($N)*0.4),,,,,,2,"Champion Might Increase trait Might: L=character level, N=trait rank"
CHPSTALWBLADEVITALITY,S,,,A,,@VitalityT#($FLOAT@Trait567810Choice($N)*0.4),,,,,,2,"Champion Stalwart Blade trait Vitality: L=character level, N=trait rank"
CLASSBASEAGILITYH,S,,,A,N,$FLOAT@DirectRatingsOld#1.5,,,,,,1,Common Class Base stats: L=character level
CLASSBASEAGILITYL,S,,,A,N,$FLOAT@DirectRatingsOld#0.5,,,,,,1,Common Class Base stats: L=character level
CLASSBASEAGILITYM,S,,,A,N,$FLOAT@DirectRatingsOld#1.0,,,,,,1,Common Class Base stats: L=character level
CLASSBASEFATE,S,,,A,N,$FLOAT@DirectEnergy#5.0,,,,,,1,Common Class Base stats: L=character level
CLASSBASEICMRH,S,,,C,E,0.2,,,,,,1,Common Class Base stats: L=character level
CLASSBASEICMRL,S,,,C,E,0.15,,,,,,1,Common Class Base stats: L=character level
CLASSBASEICMRM,S,,,C,E,0.175,,,,,,1,Common Class Base stats: L=character level
CLASSBASEICPR,S,,,S,E,PntMPClassBaseICPR,ClassBasePowerRegenPntS,ProgBEnergy,AdjClassBasePowReg,,,1,Common Class Base stats: L=character level
CLASSBASEMIGHTH,S,,,A,N,$FLOAT@DirectRatingsOld#1.5,,,,,,1,Common Class Base stats: L=character level
CLASSBASEMIGHTL,S,,,A,N,$FLOAT@DirectRatingsOld#0.5,,,,,,1,Common Class Base stats: L=character level
CLASSBASEMIGHTM,S,,,A,N,$FLOAT@DirectRatingsOld#1.0,,,,,,1,Common Class Base stats: L=character level
CLASSBASEMORALE,S,,95,A,D,$FLOAT@DirectHealth#10.0,,,,,,1,Common Class Base stats: L=character level
,,,,A,N,$FLOAT@DirectHealth#10.0,,,,,,,
CLASSBASENCMRH,S,,,C,,2.0,,,,,,1,Common Class Base stats: L=character level
CLASSBASENCMRL,S,,,C,,1.0,,,,,,1,Common Class Base stats: L=character level
CLASSBASENCMRM,S,,,C,,1.0,,,,,,1,Common Class Base stats: L=character level
CLASSBASENCPR,S,,,S,E,PntMPClassBaseNCPR,ClassBasePowerRegenPntS,ProgBEnergy,AdjClassBasePowReg,,,1,Common Class Base stats: L=character level
CLASSBASEPOWER,S,,95,A,D,$FLOAT@DirectEnergy#10.0,,,,,,1,Common Class Base stats: L=character level
,,,,A,N,$FLOAT@DirectEnergy#10.0,,,,,,,
CLASSBASEPOWERREGENPNTS,S,,,G,,1|20|50|60|65|75|85|95|100|105|115|120|130|140|141|150|151|160|161|170,1|20|50|60|65|75|85|95|100|105|115|120|130|140|141|150|151|160|161|170,,,,,1,Class Base Progression points scheme for power regen stats
CLASSBASEVITALITY,S,,,A,N,$FLOAT@DirectHealth#1.5,,,,,,1,Common Class Base stats: L=character level
CLASSBASEWILLH,S,,,A,N,$FLOAT@DirectRatingsOld#1.5,,,,,,1,Common Class Base stats: L=character level
CLASSBASEWILLL,S,,,A,N,$FLOAT@DirectRatingsOld#0.5,,,,,,1,Common Class Base stats: L=character level
CLASSBASEWILLM,S,,,A,N,$FLOAT@DirectRatingsOld#1.0,,,,,,1,Common Class Base stats: L=character level
CLASSNAME,S,,,V,,23|24|31|40|52|71|126|127|128|162|172|179|185|192|193|194|214|215|216|217,!Guardian!|!Captain!|!Minstrel!|!Burglar!|!Warleader!|!Reaver!|!Stalker!|!Weaver!|!Defiler!|!Hunter!|!Champion!|!Blackarrow!|!LoreMaster!|!Chicken!|!RuneKeeper!|!Warden!|!Beorning!|!Brawler!|!Mariner!|!Sorceress!|!!,$L,,,,1,CalcStat Class Name: L=class id
CLOTHARMOUR,S,,50,L,,1.0,,,,,,,Armour Value found on Cloth Pants/Waistcoat
,,,,C,,50.0,,,,,,,
COMBATBASEPHYDPS,S,,,A,TE,$FLOAT@CombatBasePhyDPSRaw#,,,,,,,"DPS on items: L=iLvl, N=multiplier (32bit float)"
COMBATBASEPHYDPSBASE,S,,,A,,1.08*$FLOAT@ProgBDamage,,,,,,,Base progression for DPS: L=cLvl
COMBATBASEPHYDPSITEMBASE,S,,,A,,@CombatBasePhyDPSBase,,,,,,,Base progression for DPS on item: L=cLvl
COMBATBASEPHYDPSITEMPNTS,S,,,G,,1|50|60|65|75|125|175|200|222|300|301|350|351|400|401|450|451|500|501|550|551|600|601|650,1|50|60|65|75|85|95|100|105|105|106|115|116|120|121|130|131|140|141|150|151|160|161|170,,,,,,Point progression scheme for DPS on item
COMBATBASEPHYDPSRAW,S,,650,S,,,CombatBasePhyDPSItemPntS,CombatBasePhyDPSItemBase,,,,,"DPS on items: L=iLvl, N=multiplier"
,,,,A,,@CombatBasePhyDPSRaw650#,,,,,,,
COMBATBASETACDPS,S,,,A,TE,$FLOAT@CombatBaseTacDPSRaw,,,,,,,TDR on legendary item: L=iLvl (32bit float)
COMBATBASETACDPSBASE,S,,,A,,@ProgBDamage,,,,,,,Base progression for TDR: L=cLvl
COMBATBASETACDPSBYLEVEL,S,,,A,E,$FLOAT@CombatBaseTacDPSByLevelRaw,,,,,,,Automatic by cLvl progression for TDR: L=cLvl (32bit float)
COMBATBASETACDPSBYLEVELRAW,S,,50,A,,@CombatBaseTacDPSBase,,,,,,,Automatic by cLvl progression for TDR: L=cLvl
,,,,A,,@CombatBaseTacDPSByLevelRaw50,,,,,,,
COMBATBASETACDPSITEMBASE,S,,,A,,$FLOAT@CombatBaseTacDPSBase-$FLOAT@CombatBaseTacDPSByLevelRaw,,,,,,,Base progression for TDR on legendary item: L=cLvl
COMBATBASETACDPSITEMPNTS,S,,,G,,1|50|60|65|75|125|175|200|222|299|300|349|350|399|400|449|450|499|500|549|550|599|600|649,1|50|60|65|75|85|95|100|105|105|106|115|116|120|121|130|131|140|141|150|151|160|161|170,,,,,,Point progression scheme for TDR on legendary item
COMBATBASETACDPSNOCLASS,S,,50,L,,1.0,,,,,,,Automatic by cLvl progression for TDR (non tactical dps classes): L=cLvl (32bit float)
,,,,A,,@CombatBaseTacDPSNoClass50,,,,,,,
COMBATBASETACDPSRAW,S,,46,A,,@CombatBaseTacDPSRaw47,,,,,,,TDR on legendary item: L=iLvl
,,47,51,D,,0.5|0.6|0.7|0.8|1.0,,,,,,,transit range
,,,649,S,,,CombatBaseTacDPSItemPntS,CombatBaseTacDPSItemBase,,,,,
,,,,A,,@CombatBaseTacDPSRaw649,,,,,,,
COMBATBASETACHPS,S,,,A,TE,$FLOAT@CombatBaseTacHPSRaw,,,,,,,THR on legendary item: L=iLvl (32bit float)
COMBATBASETACHPSBASE,S,,,A,,$FLOAT@CombatBaseTacHPSMagnitude*$FLOAT@ProgBHealth,,,,,,,Base progression for THR: L=cLvl
COMBATBASETACHPSBYLEVEL,S,,,A,E,$FLOAT@CombatBaseTacHPSByLevelRaw,,,,,,,Automatic by cLvl progression for THR: L=cLvl (32bit float)
COMBATBASETACHPSBYLEVELRAW,S,,46,A,,@CombatBaseTacHPSBase,,,,,,,Automatic by cLvl progression for THR: L=cLvl
,,,,A,,@CombatBaseTacHPSByLevelRaw46,,,,,,,
COMBATBASETACHPSITEMBASE,S,,,A,,$FLOAT@CombatBaseTacHPSBase-$FLOAT@CombatBaseTacHPSByLevelRaw,,,,,,,Base progression for THR on legendary item: L=cLvl
COMBATBASETACHPSITEMPNTS,S,,,G,,1|50|60|65|75|125|175|200|222|299|300|349|350|399|400|449|450|499|500|549|550|599|600|649,1|50|60|65|75|85|95|100|105|105|106|115|116|120|121|130|131|140|141|150|151|160|161|170,,,,,,Point progression scheme for THR on legendary item
COMBATBASETACHPSLVLTOILVL,S,,,I,N,1|75|100|101|104|105|106|115|116|120|121|130|131|140|141|150|151|160|161|170,1.0|75.0|200.0|201.3|214.3|222.0|300.0|349.0|350.0|399.0|400.0|449.0|450.0|499.0|500.0|549.0|550.0|599.0|600.0|649.0,,,,,,Level to Item Level mapping for THR on virtual Li (non healing classes): L=cLvl
COMBATBASETACHPSMAGNITUDE,S,,,I,,1|25|50|999,0.5|0.35|0.175|0.175,,,,,,THR Base Progression Magnitude multiplier vs Standard Progression Health: L=cLvl
COMBATBASETACHPSNOCLASS,S,,,A,E,$FLOAT@CombatBaseTacHPSByLevelRaw+$FLOAT@CombatBaseTacHPSRaw($INT@CombatBaseTacHPSLvlToILvl),,,,,,,Automatic by cLvl progression for THR (non healing classes): L=cLvl (32bit float)
COMBATBASETACHPSRAW,S,,49,A,,@CombatBaseTacHPSItemBase,,,,,,,TDR on legendary item: L=iLvl
,,50,55,D,,0.5|0.5|0.5|0.5|0.5|0.5,,,,,,,transit range
,,,649,S,,,CombatBaseTacHPSItemPntS,CombatBaseTacHPSItemBase,,,,,
,,,,A,,@CombatBaseTacHPSRaw649,,,,,,,
COMBATDAMAGEMOD,S,,,S,E,,TraitPntSVital,ProgBDamageNoImp,,,L,,
COMBATDAMAGEMODCAPPED,S,,$FUTURE_CLVL_END,A,,@CombatDamageMod#,,,,,,,
,,,,A,,@CombatDamageMod($FUTURE_CLVL_END)#,,,,,,,cap it to future cLvl
COMBATDAMAGEMODCONVDMG,S,,,S,E,,TraitPntSVital,ProgBDamageNoImp,CombatDamageModConvDmgAdj,,,,Damage Base for Conversion Damage – Morale Tap or additional Thread generation: L=cLvl
COMBATDAMAGEMODCONVDMGADJ,S,,1,C,,0.8,,,,,,,
,,,25,C,,0.9,,,,,,,
,,,,C,,1.0,,,,,,,
COMBATDAMAGEMODDAMAGEITEM,S,,,S,E,,ItemPntSVital,ProgBDamage,,,L,,Damage Base for damage effects on items: L=item level
COMBATDAMAGEMODENERGY,S,,,S,E,,TraitPntSVital,ProgBEnergy,,,L,,Combat Damage Mod – Energy/Power related: L=character level (same as SkillPowerCost but different point amounts)
COMBATDAMAGEMODHEALTHITEM,S,,,S,E,,ItemPntSVital,ProgBHealth,,,L,,
COMBATDAMAGEMODHEALTHLOW,S,,,S,E,,TraitPntSVital,ProgBHealth,CombatDamageModHealthLowAdj,,,,
COMBATDAMAGEMODHEALTHLOWADJ,S,,1,C,,0.144,,,,,,,0.16*0.9
,,,25,C,,0.324,,,,,,,0.36*0.9
,,,50,C,,0.576,,,,,,,0.64*0.9
,,,,C,,0.9,,,,,,,1.0*0.9
COMBATDAMAGEMODHEALTHMEDIUM,S,,,S,E,,TraitPntSVital,ProgBHealth,CombatDamageModHealthMediumAdj,,,,
COMBATDAMAGEMODHEALTHMEDIUMADJ,S,,1,C,,0.36,,,,,,,0.4*0.9
,,,25,C,,0.54,,,,,,,0.6*0.9
,,,50,C,,0.72,,,,,,,0.8*0.9
,,,,C,,0.9,,,,,,,1.0*0.9
COMBATDAMAGEMODMPDMG,S,,,S,E,,TraitPntSVital,ProgBDamageNoImp,CombatDamageModMPDmgAdj,,L,,Base for MP Damage: L=cLvl
COMBATDAMAGEMODMPDMGADJ,S,150,150,C,,0.82,,,,,,,Adjustment for MP Damage: L=cLvl
,,151,160,C,,0.78,,,,,,,
,,,,C,,1.0,,,,,,,
COMBATDAMAGEMODMPHEAL,S,,,S,E,,TraitPntSVital,ProgBHealth,CombatDamageModMPHealAdj,,L,,Base for MP Healing: L=cLvl
COMBATDAMAGEMODMPHEALADJ,S,150,150,C,,0.71,,,,,,,Adjustment for MP Healing: L=cLvl
,,151,151,C,,0.64,,,,,,,
,,160,160,C,,0.608,,,,,,,
,,,,C,,1.0,,,,,,,
COMBATDAMAGEMODMPHEALALT,S,,,S,E,,TraitPntSVital,ProgBHealth,CombatDamageModMPHealAltAdj,,L,,Base for Alt. MP Healing: L=cLvl
COMBATDAMAGEMODMPHEALALTADJ,S,1,1,C,,0.01,,,,,,,Adjustment for Alt. MP Healing: L=cLvl
,,,,A,,@CombatDamageModMPHealAdj,,,,,,,
COMBATDAMAGEMODNPCS,S,,,S,E,,TraitPntSVital,ProgBDamageNoImp,,,,,
COMBATDAMAGEMODPETS,S,,,S,E,,TraitPntSVital,ProgBDamageNoImp,CombatDamageModPetsAdj,,,,
COMBATDAMAGEMODPETSADJ,S,,1,C,,1.0,,,,,,,
,,,25,C,,0.4,,,,,,,
,,,50,C,,0.5,,,,,,,
,,,60,C,,0.6,,,,,,,
,,,65,C,,0.7,,,,,,,
,,,75,C,,0.8,,,,,,,
,,,85,C,,0.85,,,,,,,
,,,95,C,,0.9,,,,,,,
,,,100,C,,0.95,,,,,,,
,,,,C,,1.0,,,,,,,
COMBATDAMAGEMODPETSRND,S,,,S,E,,TraitPntSVital,ProgBDamageNoImp,CombatDamageModPetsAdj,,L,,
COMBATINHEAL,S,,,A,,@InHeal#2.0,,,,,,,Combat incoming healing: L=item level
COMMONMIT,S,,,A,,@DmgTypeMit#,,,,,,,Main Common Damage Mitigation on items calculation
COMMONMITT,S,,,A,,@DmgTypeMitT#,,,,,,2,Main Common Damage Mitigation in traits/effects calculation
,,,,,,,,,,,,,
,,,,,,,,,,,,,
CONSTSTATC,S,,,A,,CalcStat($C|1|$L),,,,,,,"Calculates the constant(-level) stat passed in C, while using L as N"
CPTBLADECRITDEF,S,,,A,,@CritDefT#0.8,,,,,,2,Captain Blade Brother Critical Defence buff
CPTBLADEPHYMAS,S,,,A,,@PhyMasT#1.2,,,,,,2,Captain Blade Brother Physical Mastery buff
CPTBLADETACMAS,S,,,A,,@TacMasT#0.8,,,,,,2,Captain Blade Brother Tactical Mastery buff
CPTCOVFATE,S,,,A,,@FateT#0.4,,,,,,2,Captain Cry of Vengeance Fate stat buff
CPTCOVMAIN,S,,,A,,@MainT#0.4,,,,,,2,Captain Cry of Vengeance Main stats buff
CPTCOVPHYMIT,S,,,A,,@PhyMitT#2.4,,,,,,2,Captain Cry of Vengeance Physical Mitigation buff
CPTCOVVITALITY,S,,,A,,@VitalityT#0.4,,,,,,2,Captain Cry of Vengeance Vitality stat buff
CPTCRITDEF,S,,,A,,@CritDef#0.6,,,,,,,Captain Critical Defence rating passive 
CPTIDOMEFATE,S,,,A,,@FateT#0.4,,,,,,2,Captain IDOME passive aura Fate stat buff
CPTIDOMEMAIN,S,,,A,,@MainT#0.4,,,,,,2,Captain IDOME passive aura Main stats buff
CPTIDOMEVITALITY,S,,,A,,@VitalityT#0.4,,,,,,2,Captain IDOME passive aura Vitality stat buff
CPTSHIELDCRITDEF,S,,,A,,@CritDefT#1.2,,,,,,2,Captain Shield Brother Critical Defence buff
CPTSHIELDPHYMAS,S,,,A,,@PhyMasT#0.8,,,,,,2,Captain Shield Brother Physical Mastery buff
CPTSHIELDTACMAS,S,,,A,,@TacMasT#0.8,,,,,,2,Captain Shield Brother Tactical Mastery buff
CPTSONGCRITDEF,S,,,A,,@CritDefT#0.8,,,,,,2,Captain Song Brother Critical Defence buff
CPTSONGPHYMAS,S,,,A,,@PhyMasT#0.8,,,,,,2,Captain Song Brother Physical Mastery buff
CPTSONGTACMAS,S,,,A,,@TacMasT#1.2,,,,,,2,Captain Song Brother Tactical Mastery buff
CPTSTANDALONEPHYMAS,S,,,A,,@PhyMasT#1.2,,,,,,2,Captain Stand Alone Physical Mastery buff: L=character level
CPTSTANDALONETACMAS,S,,,A,,@TacMasT#0.8,,,,,,2,Captain Stand Alone Physical Mastery buff: L=character level
CREEPAUDACITYCCDP,S,1,60,I,E,1|16|17|36|60,0.5|0.5|0.4|0.4|0.4,,,,,,Creep Audacity Crowd Control Duration reduction: L=Audacity lvl
CREEPAUDACITYCOST,S,2,,A,,@CreepAudacityCostData,,,,,,,Creep Audacity advancement Cost: L=Audacity lvl
CREEPAUDACITYCOSTBASE,S,1,2,L,,2.0,,,,,,,Creep Audacity advancement Cost base: L=Audacity lvl
,,3,9,L,,2.0,-1.0,,,,,,
,,10,15,L,,3.0,,,,,,,
,,16,25,L,,6.0,,,,,,,
,,26,29,L,,9.0,,,,,,,
,,30,36,C,,300.0,,,,,,,
CREEPAUDACITYCOSTDATA,S,,,A,,$FLOAT@CreepAudacityCostBase*25.0,,,,,,,Creep Audacity advancement Cost data: L=Audacity lvl
CREEPAUDACITYDMGP,S,1,60,I,E,1|10|36|41|60,1.0|1.2|1.25|1.3|1.25,,,,,,Creep Audacity Damage: L=Audacity lvl
CREEPAUDACITYMELDMGP,S,,,A,,@CreepAudacityDmgP,,,,,,,Creep Audacity Melee Damage: L=Audacity lvl
CREEPAUDACITYMELREDP,S,,,A,,@CreepAudacityRedP,,,,,,,Creep Audacity Incoming Melee Damage reduction: L=Audacity lvl
CREEPAUDACITYREDP,S,1,60,I,E,1|10|36|41|60,0.5|0.5|0.5|0.5|0.5,,,,,,Creep Audacity Incoming Damage reduction: L=Audacity lvl
CREEPAUDACITYRNGDMGP,S,,,A,,@CreepAudacityDmgP,,,,,,,Creep Audacity Ranged Damage: L=Audacity lvl
CREEPAUDACITYRNGREDP,S,,,A,,@CreepAudacityRedP,,,,,,,Creep Audacity Incoming Ranged Damage reduction: L=Audacity lvl
CREEPAUDACITYTACDMGP,S,,,A,,@CreepAudacityDmgP,,,,,,,Creep Audacity Tactical Damage: L=Audacity lvl
CREEPAUDACITYTACREDP,S,,,A,,@CreepAudacityRedP,,,,,,,Creep Audacity Incoming Tactical Damage reduction: L=Audacity lvl
CREEPBATPROMHEALTHP,S,1,15,I,E,1|5|10|15,1.1|1.15|1.18|1.2,,,,,,Creep Battlefield Promotion Health Increase: L=PvMP rank
CREEPBATPROMMELDMGP,S,1,15,I,E,1|5|10|15,0.03|0.05|0.07|0.075,,,,,,Creep Battlefield Promotion Melee Damage: L=PvMP rank
CREEPBATPROMOUTHEALP,S,1,15,I,E,1|5|10|15,0.05|0.1|0.15|0.2,,,,,,Creep Battlefield Promotion Outgoing Healing Increase: L=PvMP rank
CREEPBATPROMPOWERP,S,1,15,I,E,1|5|10|15,1.1|1.15|1.18|1.2,,,,,,Creep Battlefield Promotion Power Increase: L=PvMP rank
CREEPBATPROMRNGDMGP,S,1,15,I,E,1|5|10|15,0.03|0.05|0.07|0.08,,,,,,Creep Battlefield Promotion Ranged Damage: L=PvMP rank
CREEPBATPROMTACDMGP,S,1,15,I,E,1|5|10|15,0.03|0.05|0.07|0.075,,,,,,Creep Battlefield Promotion Tactical Damage: L=PvMP rank
CREEPILVLCURR,S,,,C,,$CREEPILVLCURR,,,,,,,Creep stats default iLvl currently
CREEPTRAITPNTS,S,,,G,,1|160,1|160,,,,,,Creep Traits/Effects Progression points scheme
CREEPTRAITPROGB,S,,,T,,1.0,0.01,1.0,1,160,,,Creep Traits/Effects Progression multipliers for start(1) and end(LevelCap) point
CRITDEF,S,,,S,E,PntMPCritDef,ItemPntS,CritDefPRatPB,AdjItemRat,,L,,Main Critical Defence rating on items calculation
CRITDEFC,S,,,S,,,CreepTraitPntS,CreepTraitProgB,,$FLOAT@CritDefCI($INT@CritDefCILvlFilter#)#,L,,"Creep Traits/Effects stat: L=cLvl, N=pts"
CRITDEFCI,S,,,S,L,PntMPCritDefC,ItemPntS,CritDefPRatPB,AdjCreepStd,,,,"Creep Item stat: L=iLvl, N=pts"
CRITDEFCILVLFILTER,S,,,V,,0.0,$CREEPILVLCURR,,,,,,Creep iLvl point filter (returns iLvl based on pts): N=pts
CRITDEFPPRAT,S,,,R,,$FLOAT@CritDefPRatPA,$FLOAT@CritDefPRatPB,$FLOAT@CritDefPRatPCapR,,,,1,"Critical Defence, Percentage Rating: N=percentage"
CRITDEFPRATP,S,,,P,,$FLOAT@CritDefPRatPA,$FLOAT@CritDefPRatPB,$FLOAT@CritDefPRatPCap,,,,1,"Critical Defence, Rating Percentage: N=rating"
CRITDEFPRATPA,S,,,C,,240.0,,,,,,1,"Critical Defence, Rating Percentage A"
CRITDEFPRATPB,S,,,A,,@BRatStandard,,,,,,3,"Critical Defence, Rating Percentage B-rating"
CRITDEFPRATPC,S,,,C,,0.5,,,,,,1,"Critical Defence, Rating Percentage C (curve constant)"
CRITDEFPRATPCAP,S,,,C,,80.0,,,,,,1,"Critical Defence, Rating Percentage Cap"
CRITDEFPRATPCAPR,S,,,A,,$FLOAT@CritDefPRatPB*$FLOAT@CritDefPRatPC,,,,,,1,"Critical Defence, Rating Percentage Cap Rating"
CRITDEFT,S,,,S,E,PntMPCritDef,TraitPntS,CritDefPRatPB,AdjTraitRat,,L,2,Main Critical Defence rating in traits/effects calculation
CRITHIT,S,,,S,E,PntMPCritHit,ItemPntS,CritHitPRatPB,AdjItemRat,,L,,Main Critical Rating on items calculation
CRITHITC,S,,,S,,,CreepTraitPntS,CreepTraitProgB,,$FLOAT@CritHitCI($INT@CritHitCILvlFilter#)#,L,,"Creep Traits/Effects stat: L=cLvl, N=pts"
CRITHITCI,S,,,S,L,PntMPCritHitC,ItemPntS,CritHitPRatPB,AdjCreepExtra,,,,"Creep Item stat: L=iLvl, N=pts"
CRITHITCILVLFILTER,S,,,V,,0.0,$CREEPILVLCURR,,,,,,Creep iLvl point filter (returns iLvl based on pts): N=pts
CRITHITOLD,S,,,A,,@CritHit#,,,,,,,Main Critical Rating on items calculation
CRITHITPPRAT,S,,,R,,$FLOAT@CritHitPRatPA,$FLOAT@CritHitPRatPB,$FLOAT@CritHitPRatPCapR,,,,1,"Critical Hit Chance, Percentage Rating: N=percentage"
CRITHITPRATP,S,,,P,,$FLOAT@CritHitPRatPA,$FLOAT@CritHitPRatPB,$FLOAT@CritHitPRatPCap,,,,1,"Critical Hit Chance, Rating Percentage: N=rating"
CRITHITPRATPA,S,,,C,,75.0,,,,,,1,"Critical Hit Chance, Rating Percentage A"
CRITHITPRATPB,S,,,A,,@BRatExtra,,,,,,3,"Critical Hit Chance, Rating Percentage B-rating"
CRITHITPRATPC,S,,,C,,0.5,,,,,,1,"Critical Hit Chance, Rating Percentage C (curve constant)"
CRITHITPRATPCAP,S,,,C,,25.0,,,,,,1,"Critical Hit Chance, Rating Percentage Cap"
CRITHITPRATPCAPR,S,,,A,,$FLOAT@CritHitPRatPB*$FLOAT@CritHitPRatPC,,,,,,1,"Critical Hit Chance, Rating Percentage Cap Rating"
CRITHITT,S,,,S,E,PntMPCritHit,TraitPntS,CritHitPRatPB,AdjTraitRat,,L,2,Main Critical Rating in traits/effects calculation
CRITMAGNPPRAT,S,,,R,,$FLOAT@CritMagnPRatPA,$FLOAT@CritMagnPRatPB,$FLOAT@CritMagnPRatPCapR,,,,1,"Critical/Devastating Hit Magnitude, Percentage Rating: N=percentage"
CRITMAGNPRATP,S,,,P,,$FLOAT@CritMagnPRatPA,$FLOAT@CritMagnPRatPB,$FLOAT@CritMagnPRatPCap,,,,1,"Critical/Devastating Hit Magnitude, Rating Percentage: N=rating"
CRITMAGNPRATPA,S,,,C,,225.0,,,,,,1,"Critical/Devastating Hit Magnitude, Rating Percentage A"
CRITMAGNPRATPB,S,,,A,,@BRatCritMagn,,,,,,1,"Critical/Devastating Hit Magnitude, Rating Percentage B-rating"
CRITMAGNPRATPC,S,,,A,,0.5,,,,,,1,"Critical/Devastating Hit Magnitude, Rating Percentage C (curve constant)"
CRITMAGNPRATPCAP,S,,,C,,75.0,,,,,,1,"Critical/Devastating Hit Magnitude, Rating Percentage Cap"
CRITMAGNPRATPCAPR,S,,,A,,$FLOAT@CritMagnPRatPB*$FLOAT@CritMagnPRatPC,,,,,,1,"Critical/Devastating Hit Magnitude, Rating Percentage Cap Rating"
CRYRESIST,S,,,A,,@ResistAdd#,,,,,,,Additional Cry Resistance rating on items calculation
CRYRESISTT,S,,,A,,@ResistAddT#,,,,,,2,Additional Cry Resistance rating in traits/effects calculation
DEFILERCANBLOCK,S,,,C,,1,,,,,,1,"Class can block? Yes=1, No=0"
DEFILERCDCALCTYPECOMPHYMIT,S,,,C,,13,,,,,,1,"Class common/physical mitigation calculation type: Light=12, Medium=13, Heavy=14"
DEFILERCDCALCTYPENONPHYMIT,S,,,C,,14,,,,,,1,"Class non-common/physical mitigation calculation type: Light=12, Medium=13, Heavy=14"
DEFILERCDCALCTYPETACMIT,S,,,C,,27,,,,,,1,"Class tactical mitigation calculation type: Light=25, Medium=26, Heavy=27"
DEFILERCDHASPOWER,S,,,C,,1,,,,,,1,"Class has Power stat?: Yes=1, No=0"
DEVHITPPRAT,S,,,R,,$FLOAT@DevHitPRatPA,$FLOAT@DevHitPRatPB,$FLOAT@DevHitPRatPCapR,,,,1,"Devastating Hit Chance, Percentage Rating: N=percentage"
DEVHITPRATP,S,,,P,,$FLOAT@DevHitPRatPA,$FLOAT@DevHitPRatPB,$FLOAT@DevHitPRatPCap,,,,1,"Devastating Hit Chance, Rating Percentage: N=rating"
DEVHITPRATPA,S,,,C,,30.0,,,,,,1,"Devastating Hit Chance, Rating Percentage A"
DEVHITPRATPB,S,,,A,,@BRatDevHit,,,,,,1,"Devastating Hit Chance, Rating Percentage B-rating"
DEVHITPRATPC,S,,,C,,0.5,,,,,,1,"Devastating Hit Chance, Rating Percentage C (curve constant)"
DEVHITPRATPCAP,S,,,C,,10.0,,,,,,1,"Devastating Hit Chance, Rating Percentage Cap"
DEVHITPRATPCAPR,S,,,A,,$FLOAT@DevHitPRatPB*$FLOAT@DevHitPRatPC,,,,,,1,"Devastating Hit Chance, Rating Percentage Cap Rating"
DIRECTENERGY,S,,95,A,FY,@ProgBEnergy,,,,,,1,"Energy stat by character level, directly calculated from standard progression: L=cLvl, N=multiplier"
,,,,A,FN1Y,@ProgBEnergy,,,,,,,
DIRECTHEALTH,S,,95,A,FY,@ProgBHealth,,,,,,1,"Health stat by character level, directly calculated from standard progression: L=cLvl, N=multiplier"
,,,,A,FN0Y,@ProgBHealth,,,,,,,
DIRECTRATINGS,S,,95,A,FY,@ProgBMain,,,,,,1,"Ratings stat by character level, directly calculated from standard progression: L=cLvl, N=multiplier"
,,,,A,FN0Y,@ProgBMain,,,,,,,
DIRECTRATINGSOLD,S,,95,A,FY,@ProgBMainOld,,,,,,1,"Ratings stat by character level, directly calculated from (old) standard progression: L=cLvl, N=multiplier"
,,,,A,FN0Y,@ProgBMainOld,,,,,,,
DISEASERESIST,S,,,A,,@ResistAdd#,,,,,,,Additional Disease Resistance rating on items calculation
DISEASERESISTT,S,,,A,,@ResistAddT#,,,,,,2,Additional Disease Resistance rating in traits/effects calculation
DMGTYPEMIT,S,,,S,E,PntMPDmgTypeMit,ItemPntS,MitMediumPRatPB,AdjItemMit,,L,,"Main Damage Type (Fire,Frost,Light,Lightning,Shadow) Mitigation on items calculation"
DMGTYPEMITT,S,,,S,E,PntMPDmgTypeMitT,TraitPntS,MitMediumPRatPB,AdjTraitMit,,L,2,"Main Damage Type (Fire,Frost,Light,Lightning,Shadow) Mitigation in traits/effects calculation"
DWARFENDURVITALITY,S,,,A,,@VitalityT#1.0,,,,,,,Dwarf Endurance Vitality: L=character level
DWARFFATEFULDWARFFATE,S,,,A,,@FateT#1.0,,,,,,,Dwarf Racial Passive Trait: L=character level
DWARFLOSTDWARFKDSFATE,S,,,A,,-$FLOAT@FateT#0.4,,,,,,1,Dwarf Racial Characteristic passive trait
DWARFRDPSVONEFATE,S,,,A,,@DwarfFatefulDwarfFate,,,,,,,Dwarf Racial Passive Trait One: L=character level
DWARFRDPSVONENAME,S,,,A,,!Fateful Dwarf!,,,,,,,Dwarf Racial Passive Trait One: L=character level
DWARFRDPSVTWOBLOCK,S,,,A,,@DwarfShieldBrwlBlock,,,,,,,Dwarf Racial Passive Trait Two: L=character level
DWARFRDPSVTWONAME,S,,,A,,!Shield Brawler!,,,,,,,Dwarf Racial Passive Trait Two: L=character level
DWARFRDTRAITAGILITY,S,,,A,,@DwarfStockyAgility,,,,,,1,Dwarf Racial Characteristic passive stat cumulative
DWARFRDTRAITFATE,S,,,A,,@DwarfLostDwarfKdsFate,,,,,,1,Dwarf Racial Characteristic passive stat cumulative
DWARFRDTRAITICMR,S,,,A,,@DwarfUnwearBattleICMR,,,,,,1,Dwarf Racial Characteristic passive stat cumulative
DWARFRDTRAITICPR,S,,,A,,@DwarfUnwearBattleICPR,,,,,,1,Dwarf Racial Characteristic passive stat cumulative
DWARFRDTRAITMIGHT,S,,,A,,@DwarfSturdinessMight,,,,,,1,Dwarf Racial Characteristic passive stat cumulative
DWARFRDTRAITNCMR,S,,,A,,@DwarfUnwearBattleNCMR,,,,,,1,Dwarf Racial Characteristic passive stat cumulative
DWARFRDTRAITNCPR,S,,,A,,@DwarfUnwearBattleNCPR,,,,,,1,Dwarf Racial Characteristic passive stat cumulative
DWARFRDTRAITPHYMITP,S,,,A,,@DwarfSturdinessPhyMitP,,,,,,1,Dwarf Racial Characteristic passive stat cumulative
DWARFRDTRAITVITALITY,S,,,A,,@DwarfSturdinessVitality,,,,,,1,Dwarf Racial Characteristic passive stat cumulative
DWARFSHIELDBRWLBLOCK,S,,,A,,@BlockT#0.8,,,,,,,Dwarf Racial Passive Trait: L=character level
DWARFSTOCKYAGILITY,S,,,A,,-$FLOAT@AgilityT#0.4,,,,,,1,Dwarf Racial Characteristic passive trait
DWARFSTURDINESSMIGHT,S,,,A,,@MightT#1.0,,,,,,1,Dwarf Racial Characteristic passive trait
DWARFSTURDINESSPHYMITP,S,,,C,,1.0,,,,,,1,Dwarf Racial Characteristic passive trait
DWARFSTURDINESSVITALITY,S,,,A,,@VitalityT#1.0,,,,,,1,Dwarf Racial Characteristic passive trait
DWARFUNWEARBATTLEICMR,S,,,A,,@ICMRT#0.6,,,,,,1,Dwarf Racial Characteristic passive trait
DWARFUNWEARBATTLEICPR,S,,,A,,@ICPRT#0.6,,,,,,1,Dwarf Racial Characteristic passive trait
DWARFUNWEARBATTLENCMR,S,,,A,,-$FLOAT@NCMRT#0.4,,,,,,1,Dwarf Racial Characteristic passive trait
DWARFUNWEARBATTLENCPR,S,,,A,,-$FLOAT@NCPRT#0.4,,,,,,1,Dwarf Racial Characteristic passive trait
ELFAGILITYWOODSAGILITY,S,,,A,,@AgilityT#1.0,,,,,,1,Elf Racial Characteristic passive trait
ELFFADINGFIRSTBORNFATE,S,,,A,,-$FLOAT@FateT#0.4,,,,,,1,Elf Racial Characteristic passive trait
ELFFRIENDOFMANFATE,S,,,A,,@FateT#1.0,,,,,,,Elf Racial Passive Trait: L=character level
ELFRDPSVONEFATE,S,,,A,,@ElfFriendOfManFate,,,,,,,Elf Racial Passive Trait One: L=character level
ELFRDPSVONENAME,S,,,A,,!Friend Of Man!,,,,,,,Elf Racial Passive Trait One: L=character level
ELFRDPSVTWONAME,S,,,A,,!!,,,,,,,Elf Racial Passive Trait Two: L=character level
ELFRDTRAITAGILITY,S,,,A,,@ElfAgilityWoodsAgility,,,,,,1,Elf Racial Characteristic passive stat cumulative
ELFRDTRAITFATE,S,,,A,,@ElfFadingFirstbornFate,,,,,,1,Elf Racial Characteristic passive stat cumulative
ELFRDTRAITMORALE,S,,,A,,@ElfSorrowFirstbornMorale,,,,,,1,Elf Racial Characteristic passive stat cumulative
ELFRDTRAITNCMR,S,,,A,,@ElfSorrowFirstbornNCMR,,,,,,1,Elf Racial Characteristic passive stat cumulative
ELFSORROWFIRSTBORNMORALE,S,,,A,,-$FLOAT@MoraleT#0.4,,,,,,1,Elf Racial Characteristic passive trait
ELFSORROWFIRSTBORNNCMR,S,,,A,,-$FLOAT@NCMRT#0.4,,,,,,1,Elf Racial Characteristic passive trait
EVADE,S,,,A,,@BPE#,,,,,,,Main Evade rating on items calculation
EVADEC,S,,,A,,@BPEC#,,,,,,,
EVADECI,S,,,A,,@BPECI#,,,,,,,
EVADEPBONUS,S,,,A,,@BPEPBonus,,,,,,1,"Evade Chance, Percentage Bonus"
EVADEPPRAT,S,,,A,,@BPEPPRat#,,,,,,1,"Evade Chance, Percentage Rating: N=percentage"
EVADEPRATP,S,,,A,,@BPEPRatP#,,,,,,1,"Evade Chance, Rating Percentage: N=rating"
EVADEPRATPA,S,,,A,,@BPEPRatPA,,,,,,1,"Evade Chance, Rating Percentage A"
EVADEPRATPB,S,,,A,,@BPEPRatPB,,,,,,1,"Evade Chance, Rating Percentage B-rating"
EVADEPRATPC,S,,,A,,@BPEPRatPC,,,,,,1,"Evade Chance, Rating Percentage C (curve constant)"
EVADEPRATPCAP,S,,,A,,@BPEPRatPCap,,,,,,1,"Evade Chance, Rating Percentage Cap"
EVADEPRATPCAPR,S,,,A,,@BPEPRatPCapR,,,,,,1,"Evade Chance, Rating Percentage Cap Rating"
EVADET,S,,,A,,@BPET#,,,,,,2,Main Evade rating in traits/effects calculation
FATE,S,,,S,D0,PntMPFate,ItemPntSVital,ProgBEnergy,,,L,,"Main Fate stat on items calculation: L=item level, N=points"
FATEC,S,,,A,,@MainC#,,,,,,,"Creep Traits/Effects stat: L=cLvl, N=pts"
FATECI,S,,,A,,@MainCI#,,,,,,,"Creep Item stat: L=iLvl, N=pts"
FATET,S,,,S,D0,PntMPFate,TraitPntSVital,ProgBEnergy,,,L,3,Main Fate stat in traits/effects calculation
FEARRESIST,S,,,A,,@ResistAdd#,,,,,,,Main Fear Resistance rating on items calculation
FEARRESISTT,S,,,A,,@ResistAddT#,,,,,,2,Main Fear Resistance rating in traits/effects calculation
FELLWMIT,S,,,S,E,PntMPFellWMit,ItemPntS,MitMediumPRatPB,AdjItemMit,,L,,Main Fell-Wrought Mitigation on items calculation
FELLWMITT,S,,,S,E,PntMPFellWMit,TraitPntS,MitMediumPRatPB,AdjTraitMit,,L,,Main Fell-Wrought Mitigation in traits/effects calculation
FINESSE,S,,,S,E,PntMPFinesse,ItemPntS,FinessePRatPB,AdjItemRat,,L,2,Main Finesse rating on items calculation
FINESSEC,S,,,S,,,CreepTraitPntS,CreepTraitProgB,,$FLOAT@FinesseCI($INT@FinesseCILvlFilter#)#,L,,"Creep Traits/Effects stat: L=cLvl, N=pts"
FINESSECI,S,,,S,L,PntMPFinesseC,ItemPntS,FinessePRatPB,AdjCreepStd,,,,"Creep Item stat: L=iLvl, N=pts"
FINESSECILVLFILTER,S,,,V,,0.0,$CREEPILVLCURR,,,,,,Creep iLvl point filter (returns iLvl based on pts): N=pts
FINESSEPPRAT,S,,,R,,$FLOAT@FinessePRatPA,$FLOAT@FinessePRatPB,$FLOAT@FinessePRatPCapR,,,,1,"Finesse, Percentage Rating: N=percentage"
FINESSEPRATP,S,,,P,,$FLOAT@FinessePRatPA,$FLOAT@FinessePRatPB,$FLOAT@FinessePRatPCap,,,,1,"Finesse, Rating Percentage: N=rating"
FINESSEPRATPA,S,,,C,,150.0,,,,,,1,"Finesse, Rating Percentage A"
FINESSEPRATPB,S,,,A,,@BRatStandard,,,,,,3,"Finesse, Rating Percentage B-rating"
FINESSEPRATPC,S,,,C,,0.5,,,,,,1,"Finesse, Rating Percentage C (curve constant)"
FINESSEPRATPCAP,S,,,C,,50.0,,,,,,1,"Finesse, Rating Percentage Cap"
FINESSEPRATPCAPR,S,,,A,,$FLOAT@FinessePRatPB*$FLOAT@FinessePRatPC,,,,,,1,"Finesse, Rating Percentage Cap Rating"
FINESSET,S,,,S,E,PntMPFinesseT,TraitPntS,FinessePRatPB,AdjTraitRat,,L,2,Main Finesse rating in traits/effects calculation
FIREMIT,S,,,A,,@DmgTypeMit#,,,,,,,Main Fire Mitigation on items calculation
FIREMITT,S,,,A,,@DmgTypeMitT#,,,,,,2,Main Fire Mitigation in traits/effects calculation
FOODNCMRL,S,,,A,,@NCMR#($N*0.8),,,,,,,(Old) Food non-combat morale regeneration – low: L=iLvl
FOODNCPRL,S,,,A,,@NCPR#($N*1.2),,,,,,,(Old) Food non-combat power regeneration – low: L=iLvl
FOODRESIST,S,,,A,,@Resist#($N*(30.0/36.0)),,,,,,,(Old) Resistance rating on food calculation
FREEPAUDACITYCCDP,S,1,60,I,E,1|16|17|41|60,0.5|0.5|0.4|0.4|0.4,,,,,,Freep Audacity Crowd Control Duration reduction: L=Audacity lvl
FREEPAUDACITYDMGP,S,1,60,I,E,1|16|17|36|41,0.75|0.75|1.2|1.2|1.2,,,,,,Freep Audacity Damage: L=Audacity lvl
FREEPAUDACITYMELDMGP,S,,,A,,@FreepAudacityDmgP,,,,,,,Freep Audacity Melee Damage: L=Audacity lvl
FREEPAUDACITYMELREDP,S,,,A,,@FreepAudacityRedP,,,,,,,Freep Audacity Incoming Melee Damage reduction: L=Audacity lvl
FREEPAUDACITYMORALEP,S,1,60,I,E,1|16|17|36|41,0.5|1.25|1.33|1.33|1.33,,,,,,Freep Audacity Morale boost: L=Audacity lvl
FREEPAUDACITYREDP,S,1,60,I,E,1|16|17|36|41,1.5|1.5|0.5|0.5|0.5,,,,,,Freep Audacity Incoming Damage reduction: L=Audacity lvl
FREEPAUDACITYRNGDMGP,S,,,A,,@FreepAudacityDmgP,,,,,,,Freep Audacity Ranged Damage: L=Audacity lvl
FREEPAUDACITYRNGREDP,S,,,A,,@FreepAudacityRedP,,,,,,,Freep Audacity Incoming Ranged Damage reduction: L=Audacity lvl
FREEPAUDACITYTACDMGP,S,,,A,,@FreepAudacityDmgP,,,,,,,Freep Audacity Tactical Damage: L=Audacity lvl
FREEPAUDACITYTACREDP,S,,,A,,@FreepAudacityRedP,,,,,,,Freep Audacity Incoming Tactical Damage reduction: L=Audacity lvl
FREEPBATPROMDMGB,S,1,15,I,N0,1|5|6|9|10|15,10.0|10.0|12.0|12.0|12.6|14.6,,,,,,Freep Battlefield Promotion Damage: L=PvMP rank
FREEPBATPROMHEALTHP,S,,,A,E,$FLOAT@FreepBatPromVitalB*0.01,,,,,,,Freep Battlefield Promotion Health Increase: L=PvMP rank
FREEPBATPROMMELDMGP,S,,,A,E,$FLOAT@FreepBatPromDmgB*0.005,,,,,,,Freep Battlefield Promotion Melee Damage: L=PvMP rank
FREEPBATPROMPOWERP,S,,,A,E,$FLOAT@FreepBatPromVitalB*0.01,,,,,,,Freep Battlefield Promotion Power Increase: L=PvMP rank
FREEPBATPROMRNGDMGP,S,,,A,E,$FLOAT@FreepBatPromDmgB*0.005,,,,,,,Freep Battlefield Promotion Ranged Damage: L=PvMP rank
FREEPBATPROMTACDMGP,S,,,A,E,$FLOAT@FreepBatPromDmgB*0.005,,,,,,,Freep Battlefield Promotion Tactical Damage: L=PvMP rank
FREEPBATPROMVITALB,S,1,15,I,N0,1|10|15,110.0|115.0|120.0,,,,,,Freep Battlefield Promotion Vital Increase: L=PvMP rank
FROSTMIT,S,,,A,,@DmgTypeMit#,,,,,,,Main Frost Mitigation on items calculation
FROSTMITT,S,,,A,,@DmgTypeMitT#,,,,,,2,Main Frost Mitigation in traits/effects calculation
GRDCRITDEF,S,,,A,,@CritDef,,,,,,,Guardian Critical Defence rating passive
GRDRELENTLASSFINESSE,S,,,A,,@FinesseT#($FLOAT@Trait12345Choice($N)*0.2),,,,,,2,"Guardian Relentless Assault Finesse rating: L=character level, N=trait rank"
GRDTENDERIZECRITHIT,S,,,A,,@CritHitT#($FLOAT@Trait12345Choice($N)*0.2),,,,,,2,"Guardian Tenderize trait Critical Hit rating: L=character level, N=trait rank"
GRDTENDERIZET2CRITHIT,S,,,A,,@CritHitT#($FLOAT@Trait12345Choice($N)*0.4),,,,,,2,"Guardian Tenderize trait Critical Hit rating: L=character level, N=trait rank"
GRDTENDERIZET3CRITHIT,S,,,A,,@CritHitT#($FLOAT@Trait357912Choice($N)*0.2),,,,,,2,"Guardian Tenderize trait Critical Hit rating: L=character level, N=trait rank"
GRDTENDERIZET4CRITHIT,S,,,A,,@CritHitT#($FLOAT@Trait47101316Choice($N)*0.2),,,,,,2,"Guardian Tenderize trait Critical Hit rating: L=character level, N=trait rank"
GRDTENDERIZET5CRITHIT,S,,,A,,@CritHitT#($FLOAT@Trait58121620Choice($N)*0.2),,,,,,2,"Guardian Tenderize trait Critical Hit rating: L=character level, N=trait rank"
GRDWARDTACTTACMIT,S,,,A,,@TacMitT#($FLOAT@Trait12345Choice($N)*0.2),,,,,,2,"Guardian’s Ward: Tactics trait Tactical Mitigation: L=character level, N=trait rank"
GUARDIANCDAGILITYTOCRITHIT,S,,,C,,2.0,,,,,,,Guardian Agility stat contribution
GUARDIANCDAGILITYTOFINESSE,S,,,C,,1.0,,,,,,,Guardian Agility stat contribution
GUARDIANCDAGILITYTOOUTHEAL,S,,,C,,2.0,,,,,,,Guardian Agility stat contribution
GUARDIANCDAGILITYTOPARRY,S,,,C,,1.0,,,,,,,Guardian Agility stat contribution
GUARDIANCDAGILITYTOPHYMAS,S,,,C,,2.0,,,,,,,Guardian Agility stat contribution
GUARDIANCDARMOURTOCOMPHYMIT,S,,,C,,1.0,,,,,,,Guardian Armour stat contribution
GUARDIANCDARMOURTONONPHYMIT,S,,,C,,0.2,,,,,,,Guardian Armour stat contribution
GUARDIANCDARMOURTOTACMIT,S,,,C,,0.2,,,,,,,Guardian Armour stat contribution
GUARDIANCDARMOURTYPE,S,,,C,,3,,,,,,1,"Class armour type: Light=1, Medium=2, Heavy=3"
GUARDIANCDBASEAGILITY,S,,,A,,@ClassBaseAgilityM,,,,,,1,Guardian Class Base stats: L=character level
GUARDIANCDBASEFATE,S,,,A,,@ClassBaseFate,,,,,,1,Guardian Class Base stats: L=character level
GUARDIANCDBASEICMR,S,,,A,,@ClassBaseICMRH,,,,,,1,Guardian Class Base stats: L=character level
GUARDIANCDBASEICPR,S,,,A,,@ClassBaseICPR,,,,,,1,Guardian Class Base stats: L=character level
GUARDIANCDBASEMIGHT,S,,,A,,@ClassBaseMightH,,,,,,1,Guardian Class Base stats: L=character level
GUARDIANCDBASEMORALE,S,,,A,,@ClassBaseMorale,,,,,,1,Guardian Class Base stats: L=character level
GUARDIANCDBASENCMR,S,,,A,,@ClassBaseNCMRH,,,,,,1,Guardian Class Base stats: L=character level
GUARDIANCDBASENCPR,S,,,A,,@ClassBaseNCPR,,,,,,1,Guardian Class Base stats: L=character level
GUARDIANCDBASEPOWER,S,,,A,,@ClassBasePower,,,,,,1,Guardian Class Base stats: L=character level
GUARDIANCDBASEVITALITY,S,,,A,,@ClassBaseVitality,,,,,,1,Guardian Class Base stats: L=character level
GUARDIANCDBASEWILL,S,,,A,,@ClassBaseWillL,,,,,,1,Guardian Class Base stats: L=character level
GUARDIANCDCALCTYPECOMPHYMIT,S,,,C,,14,,,,,,1,"Class common/physical mitigation calculation type: Light=12, Medium=13, Heavy=14"
GUARDIANCDCALCTYPENONPHYMIT,S,,,C,,14,,,,,,1,"Class non-common/physical mitigation calculation type: Light=12, Medium=13, Heavy=14"
GUARDIANCDCALCTYPETACMIT,S,,,C,,27,,,,,,1,"Class tactical mitigation calculation type: Light=25, Medium=26, Heavy=27"
GUARDIANCDCANBLOCK,S,,,C,,1,,,,,,1,"Class can block? Yes=1, No=0"
GUARDIANCDFATETOICPR,S,,,C,,0.015,,,,,,,Guardian Fate stat contribution
GUARDIANCDFATETONCPR,S,,,C,,0.15,,,,,,,Guardian Fate stat contribution
GUARDIANCDFATETOPOWER,S,,,C,,1.5,,,,,,,Guardian Fate stat contribution
GUARDIANCDHASPOWER,S,,,C,,1,,,,,,1,"Class has Power stat?: Yes=1, No=0"
GUARDIANCDMIGHTTOBLOCK,S,,,C,,1.0,,,,,,,Guardian Might stat contribution
GUARDIANCDMIGHTTOCRITHIT,S,,,C,,1.0,,,,,,,Guardian Might stat contribution
GUARDIANCDMIGHTTOOUTHEAL,S,,,C,,3.0,,,,,,,Guardian Might stat contribution
GUARDIANCDMIGHTTOPARRY,S,,,C,,2.0,,,,,,,Guardian Might stat contribution
GUARDIANCDMIGHTTOPHYMAS,S,,,C,,3.0,,,,,,,Guardian Might stat contribution
GUARDIANCDMIGHTTOPHYMIT,S,,,C,,1.0,,,,,,,Guardian Might stat contribution
GUARDIANCDMIGHTTOTACMIT,S,,,C,,1.0,,,,,,,Guardian Might stat contribution
GUARDIANCDPHYMITTOCOMPHYMIT,S,,,C,,1.0,,,,,,,Guardian PhyMit stat contribution
GUARDIANCDPHYMITTONONPHYMIT,S,,,C,,1.0,,,,,,,Guardian PhyMit stat contribution
GUARDIANCDTACMASTOOUTHEAL,S,,,C,,1.0,,,,,,,Guardian TacMas stat contribution
GUARDIANCDVITALITYTOICMR,S,,,C,,0.012,,,,,,,Guardian Vitality stat contribution
GUARDIANCDVITALITYTOMORALE,S,,,C,,4.5,,,,,,,Guardian Vitality stat contribution
GUARDIANCDVITALITYTONCMR,S,,,C,,0.12,,,,,,,Guardian Vitality stat contribution
GUARDIANCDWILLTOFINESSE,S,,,C,,1.0,,,,,,,Guardian Will stat contribution
GUARDIANCDWILLTOOUTHEAL,S,,,C,,1.0,,,,,,,Guardian Will stat contribution
GUARDIANCDWILLTOPHYMAS,S,,,C,,1.0,,,,,,,Guardian Will stat contribution
GUARDIANCDWILLTOPHYMIT,S,,,C,,1.5,,,,,,,Guardian Will stat contribution
GUARDIANCDWILLTORESIST,S,,,C,,1.0,,,,,,,Guardian Will stat contribution
GUARDIANCDWILLTOTACMIT,S,,,C,,1.5,,,,,,,Guardian Will stat contribution
HELFFADINGFIRSTBORNFATE,S,,,A,,-$FLOAT@FateT#0.4,,,,,,1,High Elf Racial Characteristic passive trait
HELFPEACEELDARMORALE,S,,,A,,@MoraleT#1.0,,,,,,1,High Elf Racial Characteristic passive trait
HELFPEACEELDARNCMR,S,,,A,,@NCMRT#0.6,,,,,,1,High Elf Racial Characteristic passive trait
HELFSORROWUNDYINGWILL,S,,,A,,-$FLOAT@WillT#0.4,,,,,,1,High Elf Racial Characteristic passive trait
HELFTHOSEWHOREMAINWILL,S,,,A,,@WillT#1.0,,,,,,,High Elf Racial Passive Trait: L=character level
HIGHELFRDPSVONENAME,S,,,A,,!Those Who Remain!,,,,,,,High Elf Racial Passive Trait One: L=character level
HIGHELFRDPSVONEWILL,S,,,A,,@HElfThoseWhoRemainWill,,,,,,,High Elf Racial Passive Trait One: L=character level
HIGHELFRDPSVTWONAME,S,,,A,,!!,,,,,,,High Elf Racial Passive Trait Two: L=character level
HIGHELFRDTRAITFATE,S,,,A,,@HElfFadingFirstbornFate,,,,,,1,High Elf Racial Characteristic passive stat cumulative
HIGHELFRDTRAITMORALE,S,,,A,,@HElfPeaceEldarMorale,,,,,,1,High Elf Racial Characteristic passive stat cumulative
HIGHELFRDTRAITNCMR,S,,,A,,@HElfPeaceEldarNCMR,,,,,,1,High Elf Racial Characteristic passive stat cumulative
HIGHELFRDTRAITWILL,S,,,A,,@HElfSorrowUndyingWill,,,,,,1,High Elf Racial Characteristic passive stat cumulative
HNTBREACHFINDERRNGMIT,S,,,L,,-20.0,,,,,,,Hunter Bow Chant: Breach-finder Ranged Mitigation: L=character level
HNTCAMPFIRENCMR,S,,,A,,@NCMRT#2.0,,,,,,,Hunter Camp(fire) effect NCMR: L=character level
HNTCAMPFIRENCPR,S,,,A,,@NCPRT#0.4,,,,,,,Hunter Camp(fire) effect NCPR: L=character level
HNTPURGEPOISONRESIST,S,,,A,,@PoisonResistT#4.0,,,,,,,Hunter Cleanse Poison Resistance effect: L=character level
HOBBITRDPSVONEMIGHT,S,,,A,,@HobHobbitStatureMight,,,,,,,Hobbit Racial Passive Trait One: L=character level
HOBBITRDPSVONENAME,S,,,A,,!Hobbit-stature!,,,,,,,Hobbit Racial Passive Trait One: L=character level
HOBBITRDPSVTWONAME,S,,,A,,!!,,,,,,,Hobbit Racial Passive Trait Two: L=character level
HOBBITRDTRAITMIGHT,S,,,A,,@HobSmallSizeMight,,,,,,1,Hobbit Racial Characteristic passive stat cumulative
HOBBITRDTRAITNCMR,S,,,A,,@HobRapidRecoveryNCMR,,,,,,1,Hobbit Racial Characteristic passive stat cumulative
HOBBITRDTRAITVITALITY,S,,,A,,@HobHobbitToughnVitality,,,,,,1,Hobbit Racial Characteristic passive stat cumulative
HOBHOBBITSTATUREMIGHT,S,,,A,,@MightT#1.0,,,,,,,Hobbit Racial Passive Trait: L=character level
HOBHOBBITTOUGHNVITALITY,S,,,A,,@VitalityT#1.0,,,,,,1,Hobbit Racial Characteristic passive trait
HOBRAPIDRECOVERYNCMR,S,,,A,,@NCMRT#0.6,,,,,,1,Hobbit Racial Characteristic passive trait
HOBSMALLSIZEMIGHT,S,,,A,,-$FLOAT@MightT#0.4,,,,,,1,Hobbit Racial Characteristic passive trait
HOPEMORALEP,S,,5,D,,-0.99|-0.97|-0.95|-0.9|-0.85|-0.8|-0.65|-0.6|-0.5|-0.4|-0.3|-0.2|-0.15|-0.1|-0.05|0.0|0.01|0.02|0.03|0.04|0.05,,,,,,,"Hope/Dread Morale Percentage, L=hope/dread rank"
,,,,A,,@HopeMoraleP5,,,,,,,
HUNTERCDAGILITYTOCRITHIT,S,,,C,,1.0,,,,,,,Hunter Agility stat contribution
HUNTERCDAGILITYTOEVADE,S,,,C,,2.0,,,,,,,Hunter Agility stat contribution
HUNTERCDAGILITYTOOUTHEAL,S,,,C,,3.0,,,,,,,Hunter Agility stat contribution
HUNTERCDAGILITYTOPARRY,S,,,C,,1.0,,,,,,,Hunter Agility stat contribution
HUNTERCDAGILITYTOPHYMAS,S,,,C,,3.0,,,,,,,Hunter Agility stat contribution
HUNTERCDAGILITYTOPHYMIT,S,,,C,,1.0,,,,,,,Hunter Agility stat contribution
HUNTERCDAGILITYTOTACMIT,S,,,C,,1.0,,,,,,,Hunter Agility stat contribution
HUNTERCDARMOURTOCOMPHYMIT,S,,,C,,1.0,,,,,,,Hunter Armour stat contribution
HUNTERCDARMOURTONONPHYMIT,S,,,C,,0.2,,,,,,,Hunter Armour stat contribution
HUNTERCDARMOURTOTACMIT,S,,,C,,0.2,,,,,,,Hunter Armour stat contribution
HUNTERCDARMOURTYPE,S,,,C,,2,,,,,,1,"Class armour type: Light=1, Medium=2, Heavy=3"
HUNTERCDBASEAGILITY,S,,,A,,@ClassBaseAgilityH,,,,,,1,Hunter Class Base stats: L=character level
HUNTERCDBASEFATE,S,,,A,,@ClassBaseFate,,,,,,1,Hunter Class Base stats: L=character level
HUNTERCDBASEICMR,S,,,A,,@ClassBaseICMRM,,,,,,1,Hunter Class Base stats: L=character level
HUNTERCDBASEICPR,S,,,A,,@ClassBaseICPR,,,,,,1,Hunter Class Base stats: L=character level
HUNTERCDBASEMIGHT,S,,,A,,@ClassBaseMightM,,,,,,1,Hunter Class Base stats: L=character level
HUNTERCDBASEMORALE,S,,,A,,@ClassBaseMorale,,,,,,1,Hunter Class Base stats: L=character level
HUNTERCDBASENCMR,S,,,A,,@ClassBaseNCMRM,,,,,,1,Hunter Class Base stats: L=character level
HUNTERCDBASENCPR,S,,,A,,@ClassBaseNCPR,,,,,,1,Hunter Class Base stats: L=character level
HUNTERCDBASEPOWER,S,,,A,,@ClassBasePower,,,,,,1,Hunter Class Base stats: L=character level
HUNTERCDBASEVITALITY,S,,,A,,@ClassBaseVitality,,,,,,1,Hunter Class Base stats: L=character level
HUNTERCDBASEWILL,S,,,A,,@ClassBaseWillL,,,,,,1,Hunter Class Base stats: L=character level
HUNTERCDCALCTYPECOMPHYMIT,S,,,C,,13,,,,,,1,"Class common/physical mitigation calculation type: Light=12, Medium=13, Heavy=14"
HUNTERCDCALCTYPENONPHYMIT,S,,,C,,13,,,,,,1,"Class non-common/physical mitigation calculation type: Light=12, Medium=13, Heavy=14"
HUNTERCDCALCTYPETACMIT,S,,,C,,26,,,,,,1,"Class tactical mitigation calculation type: Light=25, Medium=26, Heavy=27"
HUNTERCDFATETOICPR,S,,,C,,0.015,,,,,,,Hunter Fate stat contribution
HUNTERCDFATETONCPR,S,,,C,,0.15,,,,,,,Hunter Fate stat contribution
HUNTERCDFATETOPOWER,S,,,C,,1.5,,,,,,,Hunter Fate stat contribution
HUNTERCDHASPOWER,S,,,C,,1,,,,,,1,"Class has Power stat?: Yes=1, No=0"
HUNTERCDMIGHTTOCRITHIT,S,,,C,,1.5,,,,,,,Hunter Might stat contribution
HUNTERCDMIGHTTOEVADE,S,,,C,,1.0,,,,,,,Hunter Might stat contribution
HUNTERCDMIGHTTOFINESSE,S,,,C,,1.5,,,,,,,Hunter Might stat contribution
HUNTERCDMIGHTTOOUTHEAL,S,,,C,,2.0,,,,,,,Hunter Might stat contribution
HUNTERCDMIGHTTOPHYMAS,S,,,C,,2.0,,,,,,,Hunter Might stat contribution
HUNTERCDPHYMITTOCOMPHYMIT,S,,,C,,1.0,,,,,,,Hunter PhyMit stat contribution
HUNTERCDPHYMITTONONPHYMIT,S,,,C,,1.0,,,,,,,Hunter PhyMit stat contribution
HUNTERCDTACMASTOOUTHEAL,S,,,C,,1.0,,,,,,,Hunter TacMas stat contribution
HUNTERCDVITALITYTOICMR,S,,,C,,0.012,,,,,,,Hunter Vitality stat contribution
HUNTERCDVITALITYTOMORALE,S,,,C,,4.5,,,,,,,Hunter Vitality stat contribution
HUNTERCDVITALITYTONCMR,S,,,C,,0.12,,,,,,,Hunter Vitality stat contribution
HUNTERCDWILLTOCRITHIT,S,,,C,,0.5,,,,,,,Hunter Will stat contribution
HUNTERCDWILLTOFINESSE,S,,,C,,1.5,,,,,,,Hunter Will stat contribution
HUNTERCDWILLTOOUTHEAL,S,,,C,,2.0,,,,,,,Hunter Will stat contribution
HUNTERCDWILLTOPHYMAS,S,,,C,,2.0,,,,,,,Hunter Will stat contribution
HUNTERCDWILLTOPHYMIT,S,,,C,,1.0,,,,,,,Hunter Will stat contribution
HUNTERCDWILLTORESIST,S,,,C,,1.0,,,,,,,Hunter Will stat contribution
ICMR,S,,,S,E,PntMPICMR,ItemPntSVital,ProgBHealth,,,M,,"Main In-combat Morale Regeneration calculation: L=item level, N=points"
ICMRC,S,,,S,,,CreepTraitPntS,CreepTraitProgB,,$FLOAT@ICMRCI($INT@ICMRCILvlFilter#)#,L,,"Creep Traits/Effects stat: L=cLvl, N=pts"
ICMRCI,S,,,S,L,PntMPICMRC,ItemPntSVital,ProgBHealth,AdjCreepHealth,,,,"Creep Item stat: L=iLvl, N=pts"
ICMRCILVLFILTER,S,,,V,,0,$CREEPILVLCURR,,,,,,Creep iLvl point filter (returns iLvl based on pts): N=pts
ICMRDEBUFFT,S,,,S,E,PntMPICMRDebuffT,TraitPntSVital,ProgBHealth,,,,,"Main In-combat Morale Regeneration calculation for debuff effects: L=character level, N=points"
ICMRT,S,,,S,E,PntMPICMR,TraitPntSVital,ProgBHealth,,,M,3,"Main In-combat Morale Regeneration calculation: L=character level, N=points"
ICPR,S,,,S,E,PntMPICPR,ItemPntSVital,ProgBEnergy,,,,,"Main In-combat Power Regeneration calculation: L=item level, N=points"
ICPRC,S,,,S,,,CreepTraitPntS,CreepTraitProgB,,$FLOAT@ICPRCI($INT@ICPRCILvlFilter#)#,L,,"Creep Traits/Effects stat: L=cLvl, N=pts"
ICPRCI,S,,,S,L,PntMPICPRC,ItemPntSVital,ProgBEnergy,AdjCreepEnergy,,,,"Creep Item stat: L=iLvl, N=pts"
ICPRCILVLFILTER,S,,,V,,0,$CREEPILVLCURR,,,,,,Creep iLvl point filter (returns iLvl based on pts): N=pts
ICPRT,S,,,S,E,PntMPICPR,TraitPntSVital,ProgBEnergy,,,,3,"Main In-combat Power Regeneration calculation: L=character level, N=points"
INDMGPPRAT,S,,,R,,$FLOAT@InDmgPRatPA,$FLOAT@InDmgPRatPB,$FLOAT@InDmgPRatPCapR,,,,1,"Incoming Damage, Percentage Rating: N=percentage"
INDMGPRATP,S,,,P,,$FLOAT@InDmgPRatPA,$FLOAT@InDmgPRatPB,$FLOAT@InDmgPRatPCap,,,,1,"Incoming Damage, Defence Rating Percentage: N=rating"
INDMGPRATPA,S,,,C,,1200.0,,,,,,1,"Incoming Damage, Defence Rating Percentage A"
INDMGPRATPB,S,,,A,,@BRatStandard,,,,,,3,"Incoming Damage, Defence Rating Percentage B-rating"
INDMGPRATPC,S,,,C,,0.5,,,,,,1,"Incoming Damage, Defence Rating Percentage C (curve constant)"
INDMGPRATPCAP,S,,,C,,400.0,,,,,,1,"Incoming Damage, Defence Rating Percentage Cap"
INDMGPRATPCAPR,S,,,A,,$FLOAT@InDmgPRatPB*$FLOAT@InDmgPRatPC,,,,,,1,"Incoming Damage, Defence Rating Percentage Cap Rating"
INHEAL,S,,,S,E,PntMPInHeal,ItemPntS,InHealPRatPB,AdjItemRat,,L,,Main Incoming Healing rating on items calculation
INHEALPPRAT,S,,,R,,$FLOAT@InHealPRatPA,$FLOAT@InHealPRatPB,$FLOAT@InHealPRatPCapR,,,,1,"Incoming Healing, Percentage Rating: N=percentage"
INHEALPRATP,S,,,P,,$FLOAT@InHealPRatPA,$FLOAT@InHealPRatPB,$FLOAT@InHealPRatPCap,,,,1,"Incoming Healing, Rating Percentage: N=rating"
INHEALPRATPA,S,,,C,,75.0,,,,,,1,"Incoming Healing, Rating Percentage A"
INHEALPRATPB,S,,,A,,@BRatStandard,,,,,,3,"Incoming Healing, Rating Percentage B-rating"
INHEALPRATPC,S,,,C,,0.5,,,,,,1,"Incoming Healing, Rating Percentage C (curve constant)"
INHEALPRATPCAP,S,,,C,,25.0,,,,,,1,"Incoming Healing, Rating Percentage Cap"
INHEALPRATPCAPR,S,,,A,,$FLOAT@InHealPRatPB*$FLOAT@InHealPRatPC,,,,,,1,"Incoming Healing, Rating Percentage Cap Rating"
INHEALT,S,,,S,E,PntMPInHeal,TraitPntS,InHealPRatPB,AdjTraitRat,,L,2,Main Incoming Healing rating in traits/effects calculation
INSTRMORALE,S,,,A,U0,$FLOAT@DirectHealth#(2783.646/1200.0),,,,,,,Morale as found on lower level music instruments
INSTRPOWER,S,,,A,U0,$FLOAT@DirectEnergy#(20805.0/1200.0),,,,,,,Power as found on lower level music instruments
ITEMPNTS,S,,,G,,1|25|50|79|80|200|225|300|349|350|399|400|449|450|499|500|549|550|599,1|25|50|75|76|100|105|106|115|116|120|121|130|131|140|141|150|151|160,,,,,2,Items Progression points scheme
ITEMPNTSVIRTUEMASTERY,S,,,G,,0|1|25|50|79|80|200|225|300|349|399|400|449|450|499|500|549|550|599,0|1|25|50|75|76|100|105|106|115|116|121|130|131|140|141|150|151|160,,,,,,Items(Virtues) Progression points scheme – Mastery
ITEMPNTSVIRTUEMORALE,S,,,G,,0|1|2|50|80|200|225|300|349|350|399|400|449|450|499|500|549|550|599|600|649,0|1|2|50|76|100|105|106|115|116|120|121|130|131|140|141|150|151|160|161|170,,,,,,Items(Virtues) Progression points scheme – Morale
ITEMPNTSVITAL,S,,,G,,1|25|50|60|79|80|200|225|300|349|350|399|400|449|450|499|500|549|550|599|600|649,1|25|50|60|75|76|100|105|106|115|116|120|121|130|131|140|141|150|151|160|161|170,,,,,2,Items Progression points scheme for Vital stats
L,S,,,A,,$L,,,,,,,Not surprisingly returns L
LEVELCAP,S,,,C,,160,,,,,,3,Current player level cap
LI2CLISOCKHERALDIC,S,,,I,D,1|52|999,0.0|1.0|1.0,,,,,,Number of Heraldic sockets on Li2 Class Items: L=iLvl
LI2CLISOCKCRAFT,S,,,I,D,1|50|330|999,0.0|1.0|2.0|2.0,,,,,,Number of Word of Craft sockets on Li2 Class Items: L=iLvl
LI2CLISOCKMASTERY,S,,,I,D,1|49|50|75|200|234|370|999,0.0|0.0|2.0|3.0|4.0|5.0|6.0|6.0,,,,,,Number of Word of Mastery sockets on Li2 Class Items: L=iLvl
LI2CLISOCKPOWER,S,,,I,D,1|60|175|425|999,0.0|1.0|2.0|3.0|3.0,,,,,,Number of Word of Power sockets on Li2 Class Items: L=iLvl
LI2ILVLCAP,S,,,C,,565,,,,,,1,Current Li2 Legendary Item Level cap
LI2REFORGECOST,S,,150,A,N,$FLOAT@Li2ReforgeCostSeg*($L+9)*12.5,,,,,,1,Li2 Reforge Cost. L=character level
,,,,A,,@Li2ReforgeCost150,,,,,,,
LI2REFORGECOSTSEG,S,,0,C,,0.0,,,,,,1,
,,1,12,D,,1.0|1.2|1.4|1.7|2.1|2.5|3.0|3.6|4.3|5.1|6.4|7.5,,,,,,,
,,,22,T,,1.0,8.0,35.0,13,22,,,
,,,41,T,,1.0,35.7,48.3,23,41,,,
,,,43,T,,1.0,50.0,60.0,42,43,,,
,,,48,T,N0,1.0,62.6,77.0,44,48,,,
,,,53,T,N0,1.0,80.0,99.0,49,53,,,
,,,55,T,,1.0,103.5,109.0,54,55,,,
,,,61,T,N0,1.0,113.6,145.0,56,61,,,
,,,120,T,,1.0,153.0,849.0,62,120,,,
,,,130,T,,1.0,855.0,909.0,121,130,,,
,,,,T,,1.0,914.0,1009.0,131,150,,,
LI2REFORGEILVL,S,,,R,N,$N+$N,$INT@AwardILvlI,$N,,,,1,Li2 Reforge Item Level. L=character level
LI2WPNSOCKHERALDIC,S,,,I,D,1|52|999,0.0|1.0|1.0,,,,,,Number of Heraldic sockets on Li2 Weapons: L=iLvl
LI2WPNSOCKCRAFT,S,,,I,D,1|50|330|999,0.0|1.0|2.0|2.0,,,,,,Number of Word of Craft sockets on Li2 Weapons: L=iLvl
LI2WPNSOCKMASTERY,S,,,I,D,1|49|50|75|200|234|370|999,0.0|0.0|2.0|3.0|4.0|5.0|6.0|6.0,,,,,,Number of Word of Mastery sockets on Li2 Weapons: L=iLvl
LI2WPNSOCKPOWER,S,,,I,D,1|60|425|999,0.0|1.0|2.0|2.0,,,,,,Number of Word of Power sockets on Li2 Weapons: L=iLvl
LIGHTMIT,S,,,A,,@DmgTypeMit#,,,,,,,Main Light Mitigation on items calculation
LIGHTMITT,S,,,A,,@DmgTypeMitT#,,,,,,2,Main Light Mitigation in traits/effects calculation
LIGHTNINGMIT,S,,,A,,@DmgTypeMit#,,,,,,,Main Lightning Mitigation on items calculation
LIGHTNINGMITT,S,,,A,,@DmgTypeMitT#,,,,,,2,Main Lightning Mitigation in traits/effects calculation
LMANCIENTWISDOMWILL,S,,,A,U,$FLOAT@DirectRatings#(969.95/1200.0),,,,,,1,Lore-master Ancient Wisdom Will passive
LMHEARTYDIETMORALE,S,,,A,,@Morale#($FLOAT@LmHeartyDietMoraleChoice($N)),,,,,,2,"Lore-master Hearty Diet trait Morale: L=character level, N=trait rank"
LMHEARTYDIETMORALECHOICE,S,1,6,D,,0.4|1.0|1.6|2.4|3.2|3.2,,,,,,2,
LMPREPFORWARTACMAS,S,,,A,,@TacMasT#($FLOAT@Trait12345Choice($N)*0.4),,,,,,2,"Lore-master Prepare for War trait TacMas: L=character level, N=trait rank"
LMSWSTAFFBUGMORALE,S,,,A,U0,$FLOAT@DirectHealth#(4580.1175/1200.0),,,,,,,"Lore-master Sword & Staff bug Morale, L=character level"
LMSWSTAFFBUGPARRY,S,,,A,TE,$FLOAT@DirectRatings#(7493.0/1200.0),,,,,,,"Lore-master Sword & Staff bug Parry Rating, L=character level"
LOE,S,,,C,Y,2,,,,,,,
LOEPASSIVE,S,116,119,L,,20,-2300,,,,,,"Light of Eärendil passive bonus, L=character level"
,,120,,A,,@LoEPassive119,,,,,,,
LOREMASTERCDAGILITYTOCRITHIT,S,,,C,,2.0,,,,,,,Lore-master Agility stat contribution
LOREMASTERCDAGILITYTOEVADE,S,,,C,,1.0,,,,,,,Lore-master Agility stat contribution
LOREMASTERCDAGILITYTOFINESSE,S,,,C,,1.0,,,,,,,Lore-master Agility stat contribution
LOREMASTERCDAGILITYTOTACMAS,S,,,C,,2.0,,,,,,,Lore-master Agility stat contribution
LOREMASTERCDARMOURTOCOMPHYMIT,S,,,C,,1.0,,,,,,,Lore-master Armour stat contribution
LOREMASTERCDARMOURTONONPHYMIT,S,,,C,,0.2,,,,,,,Lore-master Armour stat contribution
LOREMASTERCDARMOURTOTACMIT,S,,,C,,0.2,,,,,,,Lore-master Armour stat contribution
LOREMASTERCDARMOURTYPE,S,,,C,,1,,,,,,1,"Class armour type: Light=1, Medium=2, Heavy=3"
LOREMASTERCDBASEAGILITY,S,,,A,,@ClassBaseAgilityL,,,,,,1,Lore-master Class Base stats: L=character level
LOREMASTERCDBASEFATE,S,,,A,,@ClassBaseFate,,,,,,1,Lore-master Class Base stats: L=character level
LOREMASTERCDBASEICMR,S,,,A,,@ClassBaseICMRL,,,,,,1,Lore-master Class Base stats: L=character level
LOREMASTERCDBASEICPR,S,,,A,,@ClassBaseICPR,,,,,,1,Lore-master Class Base stats: L=character level
LOREMASTERCDBASEMIGHT,S,,,A,,@ClassBaseMightM,,,,,,1,Lore-master Class Base stats: L=character level
LOREMASTERCDBASEMORALE,S,,,A,,@ClassBaseMorale,,,,,,1,Lore-master Class Base stats: L=character level
LOREMASTERCDBASENCMR,S,,,A,,@ClassBaseNCMRL,,,,,,1,Lore-master Class Base stats: L=character level
LOREMASTERCDBASENCPR,S,,,A,,@ClassBaseNCPR,,,,,,1,Lore-master Class Base stats: L=character level
LOREMASTERCDBASEPOWER,S,,,A,,@ClassBasePower,,,,,,1,Lore-master Class Base stats: L=character level
LOREMASTERCDBASEVITALITY,S,,,A,,@ClassBaseVitality,,,,,,1,Lore-master Class Base stats: L=character level
LOREMASTERCDBASEWILL,S,,,A,,@ClassBaseWillH,,,,,,1,Lore-master Class Base stats: L=character level
LOREMASTERCDCALCTYPECOMPHYMIT,S,,,C,,12,,,,,,1,"Class common/physical mitigation calculation type: Light=12, Medium=13, Heavy=14"
LOREMASTERCDCALCTYPENONPHYMIT,S,,,C,,12,,,,,,1,"Class non-common/physical mitigation calculation type: Light=12, Medium=13, Heavy=14"
LOREMASTERCDCALCTYPETACMIT,S,,,C,,25,,,,,,1,"Class tactical mitigation calculation type: Light=25, Medium=26, Heavy=27"
LOREMASTERCDFATETOICPR,S,,,C,,0.015,,,,,,,Lore-master Fate stat contribution
LOREMASTERCDFATETONCPR,S,,,C,,0.15,,,,,,,Lore-master Fate stat contribution
LOREMASTERCDFATETOPOWER,S,,,C,,1.5,,,,,,,Lore-master Fate stat contribution
LOREMASTERCDHASPOWER,S,,,C,,1,,,,,,1,"Class has Power stat?: Yes=1, No=0"
LOREMASTERCDMIGHTTOCRITHIT,S,,,C,,1.5,,,,,,,Lore-master Might stat contribution
LOREMASTERCDMIGHTTOFINESSE,S,,,C,,1.5,,,,,,,Lore-master Might stat contribution
LOREMASTERCDMIGHTTOPARRY,S,,,C,,1.0,,,,,,,Lore-master Might stat contribution
LOREMASTERCDMIGHTTOTACMAS,S,,,C,,2.0,,,,,,,Lore-master Might stat contribution
LOREMASTERCDPHYMITTOCOMPHYMIT,S,,,C,,1.0,,,,,,,Lore-master PhyMit stat contribution
LOREMASTERCDPHYMITTONONPHYMIT,S,,,C,,1.0,,,,,,,Lore-master PhyMit stat contribution
LOREMASTERCDTACMASTOOUTHEAL,S,,,C,,1.0,,,,,,,Lore-master TacMas stat contribution
LOREMASTERCDVITALITYTOICMR,S,,,C,,0.012,,,,,,,Lore-master Vitality stat contribution
LOREMASTERCDVITALITYTOMORALE,S,,,C,,4.5,,,,,,,Lore-master Vitality stat contribution
LOREMASTERCDVITALITYTONCMR,S,,,C,,0.12,,,,,,,Lore-master Vitality stat contribution
LOREMASTERCDWILLTOCRITHIT,S,,,C,,1.0,,,,,,,Lore-master Will stat contribution
LOREMASTERCDWILLTOEVADE,S,,,C,,2.0,,,,,,,Lore-master Will stat contribution
LOREMASTERCDWILLTOPHYMIT,S,,,C,,1.0,,,,,,,Lore-master Will stat contribution
LOREMASTERCDWILLTORESIST,S,,,C,,1.0,,,,,,,Lore-master Will stat contribution
LOREMASTERCDWILLTOTACMAS,S,,,C,,3.0,,,,,,,Lore-master Will stat contribution
LOREMASTERCDWILLTOTACMIT,S,,,C,,1.0,,,,,,,Lore-master Will stat contribution
LVLBONUSMORRES,S,,,C,E,0.1,,,,,,,Level Bonus Morale Restore Skills: L=character level
LVLBONUSPHYDMG,S,,,C,E,0.1,,,,,,,Level Bonus Physical Damage Skills: L=character level
LVLBONUSPOWRES,S,,,A,,@SkillPowerCost#,,,,,,,"Level Bonus Power Restore Skills: L=character level, N=points (0.5,1,2.5,5)"
LVLBONUSTACDMG,S,,,C,E,0.1,,,,,,,Level Bonus Tactical Damage Skills: L=character level
LVLEXPCOST,S,,1,C,,0,,,,,,1,Level Experience Cost – single level: L=character level
,,,5,A,N,12.5*$L*$L+12.5666666666667*$L+24.8666666666667,,,,,,,
,,,10,A,N,33.8*$L*$L-179.48*$L+452.6,,,,,,,
,,,15,A,N,55.05*$L*$L-583.77*$L+2370.5,,,,,,,
,,,20,A,N,76.2*$L*$L-1196.96*$L+6809,,,,,,,
,,,25,A,N,97.4*$L*$L-2023*$L+14849.8,,,,,,,
,,,30,A,N,118.7*$L*$L-3066.02 *$L+27612.8,,,,,,,
,,,35,A,N,139.95*$L*$L-4319.23*$L+46084.1,,,,,,,
,,,40,A,N,161.2*$L*$L-5785.04*$L+71356.2,,,,,,,
,,,45,A,N,182.5*$L*$L-7467.38*$L+104569.8,,,,,,,
,,,50,A,N,203.8*$L*$L-9363.48*$L+146761.8,,,,,,,
,,,55,A,N,225.05*$L*$L-11467.77*$L+198851.3,,,,,,,
,,,60,A,N,246.3*$L*$L-13784.46*$L+261988,,,,,,,
,,61,70,E,N,$INT@LvlExpCost60,5.071,3.485,,,,,
,,71,75,E,N,$INT@LvlExpCost70,5.072,-0.95,,,,,
,,76,,E,N,$INT@LvlExpCost75,5,-0.5,0,,,,
LVLEXPCOSTTOT,S,,0,C,,0,,,,,,1,Level Experience Cost – all levels: L=character level
,,1,,A,,$INT@LvlExpCostTot($L-1)+$INT@LvlExpCost,,,,,,,
LVLTOILVL,S,,,I,N,1|25|50|75|76|100|105|106|115|116|120|121|130|131|140|141|150|151|160|161|170,1.0|25.0|50.0|79.0|80.0|200.0|225.0|300.0|349.0|350.0|399.0|400.0|449.0|450.0|499.0|500.0|549.0|550.0|599.0|600.0|649.0,,,,,1,Character Level to Item Level mapping
MAIN,S,,,S,D0,PntMPMain,ItemPntS,ProgBMain,AdjItemMain,,L,,"Main main stats on items calculation: L=item level, N=points"
MAINC,S,,,S,,,CreepTraitPntS,CreepTraitProgB,,$FLOAT@MainCI($INT@MainCILvlFilter#)#,L,,"Creep Traits/Effects stat: L=cLvl, N=pts"
MAINCI,S,,,S,L,PntMPMainC,ItemPntS,ProgBMain,AdjCreepMain,,,,"Creep Item stat: L=iLvl, N=pts"
MAINCILVLFILTER,S,,,V,,0.0,$CREEPILVLCURR,,,,,,Creep iLvl point filter (returns iLvl based on pts): N=pts
MAINT,S,,,S,D0,PntMPMain,TraitPntS,ProgBMain,AdjTraitMain,,L,3,Main main stats in traits/effects calculation
MANDIMMANKINDWILL,S,,,A,,-$FLOAT@WillT#0.4,,,,,,1,Man Racial Characteristic passive trait
MANEASILYINSPINHEALP,S,,,C,,5.0,,,,,,1,Man Racial Characteristic passive trait
MANFOURTHAGEWILL,S,,,A,,@WillT#1.0,,,,,,,Man Racial Passive Trait: L=character level
MANGIFTOFMENFATE,S,,,A,,@FateT#1.0,,,,,,1,Man Racial Characteristic passive trait
MANRDPSVONENAME,S,,,A,,!Man of the Fourth Age!,,,,,,,Man Racial Passive Trait One: L=character level
MANRDPSVONEWILL,S,,,A,,@ManFourthAgeWill ,,,,,,,Man Racial Passive Trait One: L=character level
MANRDPSVTWOBLOCK,S,,,A,,@BalanceOfManBlock,,,,,,,Man Racial Passive Trait Two: L=character level
MANRDPSVTWOEVADE,S,,,A,,@BalanceOfManEvade,,,,,,,Man Racial Passive Trait Two: L=character level
MANRDPSVTWONAME,S,,,A,,!Balance of Man!,,,,,,,Man Racial Passive Trait Two: L=character level
MANRDPSVTWOPARRY,S,,,A,,@BalanceOfManParry,,,,,,,Man Racial Passive Trait Two: L=character level
MANRDTRAITFATE,S,,,A,,@ManGiftOfMenFate,,,,,,1,Man Racial Characteristic passive stat cumulative
MANRDTRAITINHEALP,S,,,A,,@ManEasilyInspInHealP,,,,,,1,Man Racial Characteristic passive stat cumulative
MANRDTRAITMIGHT,S,,,A,,@ManStrongMenMight,,,,,,1,Man Racial Characteristic passive stat cumulative
MANRDTRAITWILL,S,,,A,,@ManDimMankindWill,,,,,,1,Man Racial Characteristic passive stat cumulative
MANSTRONGMENMIGHT,S,,,A,,@MightT#1.0,,,,,,1,Man Racial Characteristic passive trait
MARINERCDAGILITYTOCRITHIT,S,,,C,,1.0,,,,,,,Mariner Fate stat contribution
MARINERCDAGILITYTOOUTHEAL,S,,,C,,3.0,,,,,,,Mariner Agility stat contribution
MARINERCDAGILITYTOPARRY,S,,,C,,3.0,,,,,,,Mariner Agility stat contribution
MARINERCDAGILITYTOPHYMAS,S,,,C,,3.0,,,,,,,Mariner Agility stat contribution
MARINERCDAGILITYTOPHYMIT,S,,,C,,1.0,,,,,,,Mariner Agility stat contribution
MARINERCDAGILITYTOTACMIT,S,,,C,,1.0,,,,,,,Mariner Agility stat contribution
MARINERCDARMOURTOCOMPHYMIT,S,,,C,,1.0,,,,,,,Mariner Armour stat contribution
MARINERCDARMOURTONONPHYMIT,S,,,C,,0.2,,,,,,,Mariner Armour stat contribution
MARINERCDARMOURTOTACMIT,S,,,C,,0.2,,,,,,,Mariner Armour stat contribution
MARINERCDARMOURTYPE,S,,,C,,2,,,,,,1,"Class armour type: Light=1, Medium=2, Heavy=3"
MARINERCDBASEAGILITY,S,,,A,,@ClassBaseAgilityM,,,,,,1,Mariner Class Base stats: L=character level
MARINERCDBASEFATE,S,,,A,,@ClassBaseFate,,,,,,1,Mariner Class Base stats: L=character level
MARINERCDBASEICMR,S,,,A,,@ClassBaseICMRL,,,,,,1,Mariner Class Base stats: L=character level
MARINERCDBASEICPR,S,,,A,,@ClassBaseICPR,,,,,,1,Mariner Class Base stats: L=character level
MARINERCDBASEMIGHT,S,,,A,,@ClassBaseMightM,,,,,,1,Mariner Class Base stats: L=character level
MARINERCDBASEMORALE,S,,,A,,@ClassBaseMorale,,,,,,1,Mariner Class Base stats: L=character level
MARINERCDBASENCMR,S,,,A,,@ClassBaseNCMRL,,,,,,1,Mariner Class Base stats: L=character level
MARINERCDBASENCPR,S,,,A,,@ClassBaseNCPR,,,,,,1,Mariner Class Base stats: L=character level
MARINERCDBASEPOWER,S,,,A,,@ClassBasePower,,,,,,1,Mariner Class Base stats: L=character level
MARINERCDBASEVITALITY,S,,,A,,@ClassBaseVitality,,,,,,1,Mariner Class Base stats: L=character level
MARINERCDBASEWILL,S,,,A,,@ClassBaseWillM,,,,,,1,Mariner Class Base stats: L=character level
MARINERCDCALCTYPECOMPHYMIT,S,,,C,,13,,,,,,1,"Class common/physical mitigation calculation type: Light=12, Medium=13, Heavy=14"
MARINERCDCALCTYPENONPHYMIT,S,,,C,,13,,,,,,1,"Class non-common/physical mitigation calculation type: Light=12, Medium=13, Heavy=14"
MARINERCDCALCTYPETACMIT,S,,,C,,26,,,,,,1,"Class tactical mitigation calculation type: Light=25, Medium=26, Heavy=27"
MARINERCDFATETOICPR,S,,,C,,0.015,,,,,,,Mariner Fate stat contribution
MARINERCDFATETONCPR,S,,,C,,0.15,,,,,,,Mariner Fate stat contribution
MARINERCDFATETOPOWER,S,,,C,,1.5,,,,,,,Mariner Fate stat contribution
MARINERCDHASPOWER,S,,,C,,1,,,,,,1,"Class has Power stat?: Yes=1, No=0"
MARINERCDMIGHTTOCRITHIT,S,,,C,,1.5,,,,,,,Mariner Might stat contribution
MARINERCDMIGHTTOFINESSE,S,,,C,,1.5,,,,,,,Mariner Might stat contribution
MARINERCDMIGHTTOOUTHEAL,S,,,C,,2.0,,,,,,,Mariner Might stat contribution
MARINERCDMIGHTTOPARRY,S,,,C,,1.0,,,,,,,Mariner Might stat contribution
MARINERCDMIGHTTOPHYMAS,S,,,C,,2.0,,,,,,,Mariner Might stat contribution
MARINERCDPHYMITTOCOMPHYMIT,S,,,C,,1.0,,,,,,,Mariner PhyMit stat contribution
MARINERCDPHYMITTONONPHYMIT,S,,,C,,1.0,,,,,,,Mariner PhyMit stat contribution
MARINERCDTACMASTOOUTHEAL,S,,,C,,1.0,,,,,,,Mariner TacMas stat contribution
MARINERCDVITALITYTOICMR,S,,,C,,0.012,,,,,,,Mariner Vitality stat contribution
MARINERCDVITALITYTOMORALE,S,,,C,,4.5,,,,,,,Mariner Vitality stat contribution
MARINERCDVITALITYTONCMR,S,,,C,,0.12,,,,,,,Mariner Vitality stat contribution
MARINERCDWILLTOCRITHIT,S,,,C,,0.5,,,,,,,Mariner Will stat contribution
MARINERCDWILLTOFINESSE,S,,,C,,1.5,,,,,,,Mariner Will stat contribution
MARINERCDWILLTOOUTHEAL,S,,,C,,2.0,,,,,,,Mariner Will stat contribution
MARINERCDWILLTOPHYMAS,S,,,C,,2.0,,,,,,,Mariner Will stat contribution
MARINERCDWILLTOPHYMIT,S,,,C,,1.0,,,,,,,Mariner Will stat contribution
MARINERCDWILLTORESIST,S,,,C,,1.0,,,,,,,Mariner Will stat contribution
MASTERY,S,,,S,E,PntMPMastery,ItemPntS,OutDmgPRatPB,AdjItemMas,,L,2,Main Mastery rating on items calculation
MASTERYC,S,,,S,,,CreepTraitPntS,CreepTraitProgB,,$FLOAT@MasteryCI($INT@MasteryCILvlFilter#)#,L,,"Creep Traits/Effects stat: L=cLvl, N=pts"
MASTERYCI,S,,,S,L,PntMPMasteryC,ItemPntS,OutDmgPRatPB,AdjCreepExtra,,,,"Creep Item stat: L=iLvl, N=pts"
MASTERYCILVLFILTER,S,,,V,,0.0,$CREEPILVLCURR,,,,,,Creep iLvl point filter (returns iLvl based on pts): N=pts
MASTERYOLD,S,,,A,,@Mastery#,,,,,,2,Main Mastery rating on items calculation
MASTERYT,S,,,S,E,PntMPMastery,TraitPntS,OutDmgPRatPB,AdjTraitMas,,L,2,Main Mastery rating in traits/effects calculation
MATHOMLVLTOILVL,S,,,A,,@AwardLvlToILvl,,,,,,,Character Level to Item Level mapping for unboxing mathom items: L=character level
MIGHT,S,,,A,,@Main#,,,,,,,Main stats need to be rounded down
MIGHTC,S,,,A,,@MainC#,,,,,,,"Creep Traits/Effects stat: L=cLvl, N=pts"
MIGHTCI,S,,,A,,@MainCI#,,,,,,,"Creep Item stat: L=iLvl, N=pts"
MIGHTT,S,,,A,,@MainT#,,,,,,3,Main Trait Might calculation
MINCOMPOSURERESIST,S,,,A,,@ResistT#1.6,,,,,,2,Minstrel Anthem of Composure skill Resistance: L=character level
MINCOMPOSURETACMIT,S,,,A,,@TacMitT#1.0,,,,,,2,Minstrel Anthem of Composure skill Tactical Mitigation: L=character level
MINCOURAGERESIST,S,,,A,,@FearResistT#1.0,,,,,,2,Minstrel Story of Courage skill Fear Resistance: L=character level
MINECHOESBATTLECRITDEF,S,,,A,,-$FLOAT@CritDefT#2.0,,,,,,2,Minstrel Echoes of Battle Critical Defence: L=character level
MINECHOESBATTLERESIST,S,,,A,,-$FLOAT@SongResistT#1.0,,,,,,2,Minstrel Echoes of Battle Resist: L=character level
MINENDMORALE,S,,,A,,@MoraleT#($FLOAT@Trait12345Choice($N)*0.8),,,,,,2,"Minstrel Enduring Morale trait Morale: L=character level, N=trait rank"
MINPIERCINGBALFINESSE,S,,,A,,@FinesseT#($FLOAT@Trait12345Choice($N)*0.4),,,,,,2,"Minstrel Piercing Ballads trait Finesse rating: L=character level, N=trait rank"
MINSTRELCDAGILITYTOCRITHIT,S,,,C,,2.0,,,,,,,Minstrel Agility stat contribution
MINSTRELCDAGILITYTOEVADE,S,,,C,,1.0,,,,,,,Minstrel Agility stat contribution
MINSTRELCDAGILITYTOFINESSE,S,,,C,,1.0,,,,,,,Minstrel Agility stat contribution
MINSTRELCDAGILITYTOTACMAS,S,,,C,,2.0,,,,,,,Minstrel Agility stat contribution
MINSTRELCDARMOURTOCOMPHYMIT,S,,,C,,1.0,,,,,,,Minstrel Armour stat contribution
MINSTRELCDARMOURTONONPHYMIT,S,,,C,,0.2,,,,,,,Minstrel Armour stat contribution
MINSTRELCDARMOURTOTACMIT,S,,,C,,0.2,,,,,,,Minstrel Armour stat contribution
MINSTRELCDARMOURTYPE,S,,,C,,1,,,,,,1,"Class armour type: Light=1, Medium=2, Heavy=3"
MINSTRELCDBASEAGILITY,S,,,A,,@ClassBaseAgilityM,,,,,,1,Minstrel Class Base stats: L=character level
MINSTRELCDBASEFATE,S,,,A,,@ClassBaseFate,,,,,,1,Minstrel Class Base stats: L=character level
MINSTRELCDBASEICMR,S,,,A,,@ClassBaseICMRL,,,,,,1,Minstrel Class Base stats: L=character level
MINSTRELCDBASEICPR,S,,,A,,@ClassBaseICPR,,,,,,1,Minstrel Class Base stats: L=character level
MINSTRELCDBASEMIGHT,S,,,A,,@ClassBaseMightL,,,,,,1,Minstrel Class Base stats: L=character level
MINSTRELCDBASEMORALE,S,,,A,,@ClassBaseMorale,,,,,,1,Minstrel Class Base stats: L=character level
MINSTRELCDBASENCMR,S,,,A,,@ClassBaseNCMRL,,,,,,1,Minstrel Class Base stats: L=character level
MINSTRELCDBASENCPR,S,,,A,,@ClassBaseNCPR,,,,,,1,Minstrel Class Base stats: L=character level
MINSTRELCDBASEPOWER,S,,,A,,@ClassBasePower,,,,,,1,Minstrel Class Base stats: L=character level
MINSTRELCDBASEVITALITY,S,,,A,,@ClassBaseVitality,,,,,,1,Minstrel Class Base stats: L=character level
MINSTRELCDBASEWILL,S,,,A,,@ClassBaseWillH,,,,,,1,Minstrel Class Base stats: L=character level
MINSTRELCDCALCTYPECOMPHYMIT,S,,,C,,12,,,,,,1,"Class common/physical mitigation calculation type: Light=12, Medium=13, Heavy=14"
MINSTRELCDCALCTYPENONPHYMIT,S,,,C,,12,,,,,,1,"Class non-common/physical mitigation calculation type: Light=12, Medium=13, Heavy=14"
MINSTRELCDCALCTYPETACMIT,S,,,C,,25,,,,,,1,"Class tactical mitigation calculation type: Light=25, Medium=26, Heavy=27"
MINSTRELCDCANBLOCK,S,20,,C,,1,,,,,,1,"Class can block? Yes=1, No=0"
MINSTRELCDFATETOICPR,S,,,C,,0.015,,,,,,,Minstrel Fate stat contribution
MINSTRELCDFATETONCPR,S,,,C,,0.15,,,,,,,Minstrel Fate stat contribution
MINSTRELCDFATETOPOWER,S,,,C,,1.5,,,,,,,Minstrel Fate stat contribution
MINSTRELCDHASPOWER,S,,,C,,1,,,,,,1,"Class has Power stat?: Yes=1, No=0"
MINSTRELCDMIGHTTOCRITHIT,S,,,C,,1.0,,,,,,,Minstrel Might stat contribution
MINSTRELCDMIGHTTOOUTHEAL,S,,,C,,2.0,,,,,,,Minstrel Might stat contribution
MINSTRELCDMIGHTTOTACMAS,S,,,C,,2.0,,,,,,,Minstrel Might stat contribution
MINSTRELCDMIGHTTOTACMIT,S,,,C,,1.0,,,,,,,Minstrel Might stat contribution
MINSTRELCDPHYMITTOCOMPHYMIT,S,,,C,,1.0,,,,,,,Minstrel PhyMit stat contribution
MINSTRELCDPHYMITTONONPHYMIT,S,,,C,,1.0,,,,,,,Minstrel PhyMit stat contribution
MINSTRELCDTACMASTOOUTHEAL,S,,,C,,1.0,,,,,,,Minstrel TacMas stat contribution
MINSTRELCDVITALITYTOICMR,S,,,C,,0.012,,,,,,,Minstrel Vitality stat contribution
MINSTRELCDVITALITYTOMORALE,S,,,C,,4.5,,,,,,,Minstrel Vitality stat contribution
MINSTRELCDVITALITYTONCMR,S,,,C,,0.12,,,,,,,Minstrel Vitality stat contribution
MINSTRELCDWILLTOBLOCK,S,,,C,,1.0,,,,,,,Minstrel Will stat contribution
MINSTRELCDWILLTOCRITHIT,S,,,C,,1.0,,,,,,,Minstrel Will stat contribution
MINSTRELCDWILLTOEVADE,S,,,C,,1.0,,,,,,,Minstrel Will stat contribution
MINSTRELCDWILLTOPHYMIT,S,,,C,,1.0,,,,,,,Minstrel Will stat contribution
MINSTRELCDWILLTORESIST,S,,,C,,1.0,,,,,,,Minstrel Will stat contribution
MINSTRELCDWILLTOTACMAS,S,,,C,,3.0,,,,,,,Minstrel Will stat contribution
MINSTRELCDWILLTOTACMIT,S,,,C,,1.0,,,,,,,Minstrel Will stat contribution
MINTACMAS,S,,,A,,@TacMasT#($FLOAT@Trait123455Choice($N)*0.4),,,,,,2,"Minstrel Tactical Mastery trait Tactical Mastery: L=character level, N=trait rank"
MINTIMEECHOESBATTLERESIST,S,,,A,,-$FLOAT@SongResistT#0.6,,,,,,2,Minstrel Timeless Echoes of Battle Resist: L=character level
MINTOTCRITHIT,S,,,A,,@CritHitT#($FLOAT@MinToTCritHitSel($N)),,,,,,2,"Minstrel Tale of Tales Critical rating buff: L=character level, N=tier"
MINTOTCRITHITSEL,S,1,5,D,,0.0|0.0|0.0|0.4|0.6,,,,,,2,"Minstrel Tale of Tales Critical rating buff: L=character level, N=tier"
MINTOTFATE,S,,,A,,@FateT#($FLOAT@MinToTFateSel($N)),,,,,,2,"Minstrel Tale of Tales Fate buff: L=character level, N=tier"
MINTOTFATESEL,S,1,5,D,,0.2|0.3|0.4|0.5|0.6,,,,,,2,"Minstrel Tale of Tales Fate buff: L=character level, N=tier"
MINTOTFINESSE,S,,,A,,@FinesseT#($FLOAT@MinToTFinesseSel($N)),,,,,,2,"Minstrel Tale of Tales Finesse rating buff: L=character level, N=tier"
MINTOTFINESSESEL,S,1,5,D,,0.0|0.0|0.2|0.4|0.6,,,,,,2,"Minstrel Tale of Tales Finesse rating buff: L=character level, N=tier"
MINTOTRESIST,S,,,A,,@ResistT#($FLOAT@MinToTResistSel($N)),,,,,,2,"Minstrel Tale of Tales Resistance rating buff: L=character level, N=tier"
MINTOTRESISTSEL,S,1,5,D,,0.0|0.2|0.3|0.4|0.5,,,,,,2,"Minstrel Tale of Tales Resistance rating buff: L=character level, N=tier"
MINTOTVITALITY,S,,,A,,@VitalityT#($FLOAT@MinToTVitalitySel($N)),,,,,,2,"Minstrel Tale of Tales Vitality buff: L=character level, N=tier"
MINTOTVITALITYSEL,S,1,5,D,,0.0|0.0|0.0|0.0|0.4,,,,,,2,"Minstrel Tale of Tales Vitality buff: L=character level, N=tier"
MITHEAVYPPRAT,S,,,R,,$FLOAT@MitHeavyPRatPA,$FLOAT@MitHeavyPRatPB,$FLOAT@MitHeavyPRatPCapR,,,,1,"Heavy Class Mitigation, Percentage Rating: N=percentage"
MITHEAVYPRATP,S,,,P,,$FLOAT@MitHeavyPRatPA,$FLOAT@MitHeavyPRatPB,$FLOAT@MitHeavyPRatPCap,,,,1,"Heavy Class Mitigation, Rating Percentage: N=rating"
MITHEAVYPRATPA,S,,,C,,180.0,,,,,,1,"Heavy Class Mitigation, Rating Percentage A"
MITHEAVYPRATPB,S,,,A,,@BRatMitHeavy,,,,,,1,"Heavy Class Mitigation, Rating Percentage B-rating"
MITHEAVYPRATPC,S,,,C,,0.5,,,,,,1,"Heavy Class Mitigation, Rating Percentage C (curve constant)"
MITHEAVYPRATPCAP,S,,,C,,60.0,,,,,,1,"Heavy Class Mitigation, Rating Percentage Cap"
MITHEAVYPRATPCAPR,S,,,A,,$FLOAT@MitHeavyPRatPB*$FLOAT@MitHeavyPRatPC,,,,,,1,"Heavy Class Mitigation, Rating Percentage Cap Rating"
MITIGATION,S,,,S,E,PntMPMitigation,ItemPntS,MitMediumPRatPB,AdjItemMit,,L,2,Main old Mitigation on items calculation
MITLIGHTPPRAT,S,,,R,,$FLOAT@MitLightPRatPA,$FLOAT@MitLightPRatPB,$FLOAT@MitLightPRatPCapR,,,,1,"Light Class Mitigation, Percentage Rating: N=percentage"
MITLIGHTPRATP,S,,,P,,$FLOAT@MitLightPRatPA,$FLOAT@MitLightPRatPB,$FLOAT@MitLightPRatPCap,,,,1,"Light Class Mitigation, Rating Percentage: N=rating"
MITLIGHTPRATPA,S,,,C,,120.0,,,,,,1,"Light Class Mitigation, Rating Percentage A"
MITLIGHTPRATPB,S,,,A,,@BRatMitLight,,,,,,1,"Light Class Mitigation, Rating Percentage B-rating"
MITLIGHTPRATPC,S,,,C,,0.5,,,,,,1,"Light Class Mitigation, Rating Percentage C (curve constant)"
MITLIGHTPRATPCAP,S,,,C,,40.0,,,,,,1,"Light Class Mitigation, Rating Percentage Cap"
MITLIGHTPRATPCAPR,S,,,A,,$FLOAT@MitLightPRatPB*$FLOAT@MitLightPRatPC,,,,,,1,"Light Class Mitigation, Rating Percentage Cap Rating"
MITMEDIUMPPRAT,S,,,R,,$FLOAT@MitMediumPRatPA,$FLOAT@MitMediumPRatPB,$FLOAT@MitMediumPRatPCapR,,,,1,"Medium Class Mitigation, Percentage Rating: N=percentage"
MITMEDIUMPRATP,S,,,P,,$FLOAT@MitMediumPRatPA,$FLOAT@MitMediumPRatPB,$FLOAT@MitMediumPRatPCap,,,,1,"Medium Class Mitigation, Rating Percentage: N=rating"
MITMEDIUMPRATPA,S,,,C,,150.0,,,,,,1,"Medium Class Mitigation, Rating Percentage A"
MITMEDIUMPRATPB,S,,,A,,@BRatMitMedium,,,,,,3,"Medium Class Mitigation, Rating Percentage B-rating"
MITMEDIUMPRATPC,S,,,C,,0.5,,,,,,1,"Medium Class Mitigation, Rating Percentage C (curve constant)"
MITMEDIUMPRATPCAP,S,,,C,,50.0,,,,,,1,"Medium Class Mitigation, Rating Percentage Cap"
MITMEDIUMPRATPCAPR,S,,,A,,$FLOAT@MitMediumPRatPB*$FLOAT@MitMediumPRatPC,,,,,,1,"Medium Class Mitigation, Rating Percentage Cap Rating"
MNTENDURANCE,S,,,A,,@Morale#,,,,,,2,"Main Mount Endurance calculation: L=item level, N=points"
MNTENDURANCET,S,,,A,,@MoraleT#,,,,,,2,"Main Mount Endurance calculation: L=character level, N=points"
MORALE,S,,,S,E,PntMPMorale,ItemPntSVital,ProgBHealth,AdjItemHealth,,L,2,"Main Item Morale calculation: L=item level, N=points"
MORALET,S,,,S,E,PntMPMorale,TraitPntSVital,ProgBHealth,AdjTraitHealth,,L,3,Main Morale in traits/effects calculation
N,S,,,A,,$N,,,,,,,Not surprisingly returns N
NCMR,S,,,S,E,PntMPNCMR,ItemPntSVital,ProgBHealth,,,M,,"Main Non-combat Morale Regeneration calculation: L=item level, N=points"
NCMRT,S,,,S,E,PntMPNCMR,TraitPntSVital,ProgBHealth,,,M,3,"Main Non-combat Morale Regeneration calculation: L=character level, N=points"
NCPR,S,,,S,E,PntMPNCPR,ItemPntSVital,ProgBEnergy,,,,,"Main Non-combat Power Regeneration calculation: L=item level, N=points"
NCPRT,S,,,S,E,PntMPNCPR,TraitPntSVital,ProgBEnergy,,,,3,"Main Non-combat Power Regeneration calculation: L=character level, N=points"
OFFSET,S,,,A,,$L+$N,,,,,,,"Calculates level with an offset: L=level, N=offset"
ORCCMIT,S,,,S,E,PntMPOrcCMit,ItemPntS,MitMediumPRatPB,AdjItemMit,,L,,Main Orc-Craft Mitigation on items calculation
ORCCMITT,S,,,S,E,PntMPOrcCMit,TraitPntS,MitMediumPRatPB,AdjTraitMit,,L,,Main Orc-Craft Mitigation in traits/effects calculation
OUTDMGPPRAT,S,,,R,,$FLOAT@OutDmgPRatPA,$FLOAT@OutDmgPRatPB,$FLOAT@OutDmgPRatPCapR,,,,1,"Outgoing Damage, Percentage Rating: N=percentage"
OUTDMGPRATP,S,,,P,,$FLOAT@OutDmgPRatPA,$FLOAT@OutDmgPRatPB,$FLOAT@OutDmgPRatPCap,,,,1,"Outgoing Damage, Mastery Rating Percentage: N=rating"
OUTDMGPRATPA,S,,,C,,600.0,,,,,,1,"Outgoing Damage, Mastery Rating Percentage A"
OUTDMGPRATPB,S,,,A,,@BRatExtra,,,,,,3,"Outgoing Damage, Mastery Rating Percentage B-rating"
OUTDMGPRATPC,S,,,C,,0.5,,,,,,1,"Outgoing Damage, Mastery Rating Percentage C (curve constant)"
OUTDMGPRATPCAP,S,,,C,,200.0,,,,,,1,"Outgoing Damage, Mastery Rating Percentage Cap"
OUTDMGPRATPCAPR,S,,,A,,$FLOAT@OutDmgPRatPB*$FLOAT@OutDmgPRatPC,,,,,,1,"Outgoing Damage, Mastery Rating Percentage Cap Rating"
OUTHEAL,S,,,S,E,PntMPOutHeal,ItemPntS,OutHealPRatPB,AdjItemRat,,L,,Main Outgoing Healing rating on items calculation
OUTHEALPPRAT,S,,,R,,$FLOAT@OutHealPRatPA,$FLOAT@OutHealPRatPB,$FLOAT@OutHealPRatPCapR,,,,1,"Outgoing Healing, Percentage Rating: N=percentage"
OUTHEALPRATP,S,,,P,,$FLOAT@OutHealPRatPA,$FLOAT@OutHealPRatPB,$FLOAT@OutHealPRatPCap,,,,1,"Outgoing Healing, Rating Percentage: N=rating"
OUTHEALPRATPA,S,,,C,,210.0,,,,,,1,"Outgoing Healing, Rating Percentage A"
OUTHEALPRATPB,S,,,A,,@BRatOutHeal,,,,,,3,"Outgoing Healing, Rating Percentage B-rating"
OUTHEALPRATPC,S,,,C,,0.5,,,,,,1,"Outgoing Healing, Rating Percentage C (curve constant)"
OUTHEALPRATPCAP,S,,,C,,70.0,,,,,,1,"Outgoing Healing, Rating Percentage Cap"
OUTHEALPRATPCAPR,S,,,A,,$FLOAT@OutHealPRatPB*$FLOAT@OutHealPRatPC,,,,,,1,"Outgoing Healing, Rating Percentage Cap Rating"
OUTHEALT,S,,,S,E,PntMPOutHeal,TraitPntS,OutHealPRatPB,AdjTraitRat,,L,2,Main Outgoing Healing rating in traits/effects calculation
PARRY,S,,,A,,@BPE#,,,,,,,Main Parry rating on items calculation
PARRYC,S,,,A,,@BPEC#,,,,,,,
PARRYCI,S,,,A,,@BPECI#,,,,,,,
PARRYPBONUS,S,,,A,,@BPEPBonus,,,,,,1,"Parry Chance, Percentage Bonus"
PARRYPPRAT,S,,,A,,@BPEPPRat#,,,,,,1,"Parry Chance, Percentage Rating: N=percentage"
PARRYPRATP,S,,,A,,@BPEPRatP#,,,,,,1,"Parry Chance, Rating Percentage: N=rating"
PARRYPRATPA,S,,,A,,@BPEPRatPA,,,,,,1,"Parry Chance, Rating Percentage A"
PARRYPRATPB,S,,,A,,@BPEPRatPB,,,,,,1,"Parry Chance, Rating Percentage B-rating"
PARRYPRATPC,S,,,A,,@BPEPRatPC,,,,,,1,"Parry Chance, Rating Percentage C (curve constant)"
PARRYPRATPCAP,S,,,A,,@BPEPRatPCap,,,,,,1,"Parry Chance, Rating Percentage Cap"
PARRYPRATPCAPR,S,,,A,,@BPEPRatPCapR,,,,,,1,"Parry Chance, Rating Percentage Cap Rating"
PARRYT,S,,,A,,@BPET#,,,,,,2,Main Parry rating in traits/effects calculation
PARTBLOCKMITPBONUS,S,,,A,,@PartMitPBonus,,,,,,1,"Partial Block Mitigation, Percentage Bonus"
PARTBLOCKMITPPRAT,S,,,A,,@PartMitPPRat#,,,,,,1,"Partial Block Mitigation, Percentage Rating: N=percentage"
PARTBLOCKMITPRATP,S,,,A,,@PartMitPRatP#,,,,,,1,"Partial Block Mitigation, Rating Percentage: N=rating"
PARTBLOCKMITPRATPA,S,,,A,,@PartMitPRatPA,,,,,,1,"Partial Block Mitigation, Rating Percentage A"
PARTBLOCKMITPRATPB,S,,,A,,@PartMitPRatPB,,,,,,1,"Partial Block Mitigation, Rating Percentage B-rating"
PARTBLOCKMITPRATPC,S,,,A,,@PartMitPRatPC,,,,,,1,"Partial Block Mitigation, Rating Percentage C (curve constant)"
PARTBLOCKMITPRATPCAP,S,,,A,,@PartMitPRatPCap,,,,,,1,"Partial Block Mitigation, Rating Percentage Cap"
PARTBLOCKMITPRATPCAPR,S,,,A,,@PartMitPRatPCapR,,,,,,1,"Partial Block Mitigation, Rating Percentage Cap Rating"
PARTBLOCKPBONUS,S,,,A,,@PartBPEPBonus,,,,,,1,"Partial Block Chance, Percentage Bonus"
PARTBLOCKPPRAT,S,,,A,,@PartBPEPPRat#,,,,,,1,"Partial Block Chance, Percentage Rating: N=percentage"
PARTBLOCKPRATP,S,,,A,,@PartBPEPRatP#,,,,,,1,"Partial Block Chance, Rating Percentage: N=rating"
PARTBLOCKPRATPA,S,,,A,,@PartBPEPRatPA,,,,,,1,"Partial Block Chance, Rating Percentage A"
PARTBLOCKPRATPB,S,,,A,,@PartBPEPRatPB,,,,,,1,"Partial Block Chance, Rating Percentage B-rating"
PARTBLOCKPRATPC,S,,,A,,@PartBPEPRatPC,,,,,,1,"Partial Block Chance, Rating Percentage C (curve constant)"
PARTBLOCKPRATPCAP,S,,,A,,@PartBPEPRatPCap,,,,,,1,"Partial Block Chance, Rating Percentage Cap"
PARTBLOCKPRATPCAPR,S,,,A,,@PartBPEPRatPCapR,,,,,,1,"Partial Block Chance, Rating Percentage Cap Rating"
PARTBPEPPRAT,S,,,R,,$FLOAT@PartBPEPRatPA,$FLOAT@PartBPEPRatPB,$FLOAT@PartBPEPRatPCapR,,,,1,"Partial Block/Parry/Evade Chance, Percentage Rating: N=percentage"
PARTBPEPRATP,S,,,P,,$FLOAT@PartBPEPRatPA,$FLOAT@PartBPEPRatPB,$FLOAT@PartBPEPRatPCap,,,,1,"Partial Block/Parry/Evade Chance, Rating Percentage: N=rating"
PARTBPEPRATPA,S,,,C,,75.0,,,,,,1,"Partial Block/Parry/Evade Chance, Rating Percentage A"
PARTBPEPRATPB,S,,,A,,@BRatPartBPE,,,,,,1,"Partial Block/Parry/Evade Chance, Rating Percentage B-rating"
PARTBPEPRATPC,S,,,C,,0.5,,,,,,1,"Partial Block/Parry/Evade Chance, Rating Percentage C (curve constant)"
PARTBPEPRATPCAP,S,,,C,,25.0,,,,,,1,"Partial Block/Parry/Evade Chance, Rating Percentage Cap"
PARTBPEPRATPCAPR,S,,,A,,$FLOAT@PartBPEPRatPB*$FLOAT@PartBPEPRatPC,,,,,,1,"Partial Block/Parry/Evade Chance, Rating Percentage Cap Rating"
PARTEVADEMITPBONUS,S,,,A,,@PartMitPBonus,,,,,,1,"Partial Evade Mitigation, Percentage Bonus"
PARTEVADEMITPPRAT,S,,,A,,@PartMitPPRat#,,,,,,1,"Partial Evade Mitigation, Percentage Rating: N=percentage"
PARTEVADEMITPRATP,S,,,A,,@PartMitPRatP#,,,,,,1,"Partial Evade Mitigation, Rating Percentage: N=rating"
PARTEVADEMITPRATPA,S,,,A,,@PartMitPRatPA,,,,,,1,"Partial Evade Mitigation, Rating Percentage A"
PARTEVADEMITPRATPB,S,,,A,,@PartMitPRatPB,,,,,,1,"Partial Evade Mitigation, Rating Percentage B-rating"
PARTEVADEMITPRATPC,S,,,A,,@PartMitPRatPC,,,,,,1,"Partial Evade Mitigation, Rating Percentage C (curve constant)"
PARTEVADEMITPRATPCAP,S,,,A,,@PartMitPRatPCap,,,,,,1,"Partial Evade Mitigation, Rating Percentage Cap"
PARTEVADEMITPRATPCAPR,S,,,A,,@PartMitPRatPCapR,,,,,,1,"Partial Evade Mitigation, Rating Percentage Cap Rating"
PARTEVADEPBONUS,S,,,A,,@PartBPEPBonus,,,,,,1,"Partial Evade Chance, Percentage Bonus"
PARTEVADEPPRAT,S,,,A,,@PartBPEPPRat#,,,,,,1,"Partial Evade Chance, Percentage Rating: N=percentage"
PARTEVADEPRATP,S,,,A,,@PartBPEPRatP#,,,,,,1,"Partial Evade Chance, Rating Percentage: N=rating"
PARTEVADEPRATPA,S,,,A,,@PartBPEPRatPA,,,,,,1,"Partial Evade Chance, Rating Percentage A"
PARTEVADEPRATPB,S,,,A,,@PartBPEPRatPB,,,,,,1,"Partial Evade Chance, Rating Percentage B-rating"
PARTEVADEPRATPC,S,,,A,,@PartBPEPRatPC,,,,,,1,"Partial Evade Chance, Rating Percentage C (curve constant)"
PARTEVADEPRATPCAP,S,,,A,,@PartBPEPRatPCap,,,,,,1,"Partial Evade Chance, Rating Percentage Cap"
PARTEVADEPRATPCAPR,S,,,A,,@PartBPEPRatPCapR,,,,,,1,"Partial Evade Chance, Rating Percentage Cap Rating"
PARTFINESSEDMGPPRAT,S,,,R,,$FLOAT@PartFinesseDmgPRatPA,$FLOAT@PartFinesseDmgPRatPB,$FLOAT@PartFinesseDmgPRatPCapR,,,,1,"PartFinesseDmg, Percentage Rating: N=percentage"
PARTFINESSEDMGPRATP,S,,,P,,$FLOAT@PartFinesseDmgPRatPA,$FLOAT@PartFinesseDmgPRatPB,$FLOAT@PartFinesseDmgPRatPCap,,,,1,"PartFinesseDmg, Rating Percentage: N=rating"
PARTFINESSEDMGPRATPA,S,,,C,,150.0,,,,,,1,"PartFinesseDmg, Rating Percentage A"
PARTFINESSEDMGPRATPB,S,,,A,,@BRatStandard,,,,,,1,"PartFinesseDmg, Rating Percentage B-rating"
PARTFINESSEDMGPRATPC,S,,,C,,0.5,,,,,,1,"PartFinesseDmg, Rating Percentage C (curve constant)"
PARTFINESSEDMGPRATPCAP,S,,,C,,50.0,,,,,,1,"PartFinesseDmg, Rating Percentage Cap"
PARTFINESSEDMGPRATPCAPR,S,,,A,,$FLOAT@PartFinesseDmgPRatPB*$FLOAT@PartFinesseDmgPRatPC,,,,,,1,"PartFinesseDmg, Rating Percentage Cap Rating"
PARTFINESSEPPRAT,S,,,R,,$FLOAT@PartFinessePRatPA,$FLOAT@PartFinessePRatPB,$FLOAT@PartFinessePRatPCapR,,,,1,"PartFinesse, Percentage Rating: N=percentage"
PARTFINESSEPRATP,S,,,P,,$FLOAT@PartFinessePRatPA,$FLOAT@PartFinessePRatPB,$FLOAT@PartFinessePRatPCap,,,,1,"PartFinesse, Rating Percentage: N=rating"
PARTFINESSEPRATPA,S,,,C,,150.0,,,,,,1,"PartFinesse, Rating Percentage A"
PARTFINESSEPRATPB,S,,,A,,@BRatStandard,,,,,,1,"PartFinesse, Rating Percentage B-rating"
PARTFINESSEPRATPC,S,,,C,,0.5,,,,,,1,"PartFinesse, Rating Percentage C (curve constant)"
PARTFINESSEPRATPCAP,S,,,C,,50.0,,,,,,1,"PartFinesse, Rating Percentage Cap"
PARTFINESSEPRATPCAPR,S,,,A,,$FLOAT@PartFinessePRatPB*$FLOAT@PartFinessePRatPC,,,,,,1,"PartFinesse, Rating Percentage Cap Rating"
PARTMITPBONUS,S,,,C,,0.1,,,,,,1,"Partial Block/Parry/Evade Mitigation, Percentage Bonus"
PARTMITPPRAT,S,,,R,,$FLOAT@PartMitPRatPA,$FLOAT@PartMitPRatPB,$FLOAT@PartMitPRatPCapR,,,,1,"Partial Block/Parry/Evade Mitigation, Percentage Rating: N=percentage"
PARTMITPRATP,S,,,P,,$FLOAT@PartMitPRatPA,$FLOAT@PartMitPRatPB,$FLOAT@PartMitPRatPCap,,,,1,"Partial Block/Parry/Evade Mitigation, Rating Percentage: N=rating"
PARTMITPRATPA,S,,,C,,105.0,,,,,,1,"Partial Block/Parry/Evade Mitigation, Rating Percentage A"
PARTMITPRATPB,S,,,A,,@BRatPartBPE,,,,,,1,"Partial Block/Parry/Evade Mitigation, Rating Percentage B-rating"
PARTMITPRATPC,S,,,C,,0.5,,,,,,1,"Partial Block/Parry/Evade Mitigation, Rating Percentage C (curve constant)"
PARTMITPRATPCAP,S,,,C,,35.0,,,,,,1,"Partial Block/Parry/Evade Mitigation, Rating Percentage Cap"
PARTMITPRATPCAPR,S,,,A,,$FLOAT@PartMitPRatPB*$FLOAT@PartMitPRatPC,,,,,,1,"Partial Block/Parry/Evade Mitigation, Rating Percentage Cap Rating"
PARTPARRYMITPBONUS,S,,,A,,@PartMitPBonus,,,,,,1,"Partial Parry Mitigation, Percentage Bonus"
PARTPARRYMITPPRAT,S,,,A,,@PartMitPPRat#,,,,,,1,"Partial Parry Mitigation, Percentage Rating: N=percentage"
PARTPARRYMITPRATP,S,,,A,,@PartMitPRatP#,,,,,,1,"Partial Parry Mitigation, Rating Percentage: N=rating"
PARTPARRYMITPRATPA,S,,,A,,@PartMitPRatPA,,,,,,1,"Partial Parry Mitigation, Rating Percentage A"
PARTPARRYMITPRATPB,S,,,A,,@PartMitPRatPB,,,,,,1,"Partial Parry Mitigation, Rating Percentage B-rating"
PARTPARRYMITPRATPC,S,,,A,,@PartMitPRatPC,,,,,,1,"Partial Parry Mitigation, Rating Percentage C (curve constant)"
PARTPARRYMITPRATPCAP,S,,,A,,@PartMitPRatPCap,,,,,,1,"Partial Parry Mitigation, Rating Percentage Cap"
PARTPARRYMITPRATPCAPR,S,,,A,,@PartMitPRatPCapR,,,,,,1,"Partial Parry Mitigation, Rating Percentage Cap Rating"
PARTPARRYPBONUS,S,,,A,,@PartBPEPBonus,,,,,,1,"Partial Parry Chance, Percentage Bonus"
PARTPARRYPPRAT,S,,,A,,@PartBPEPPRat#,,,,,,1,"Partial Parry Chance, Percentage Rating: N=percentage"
PARTPARRYPRATP,S,,,A,,@PartBPEPRatP#,,,,,,1,"Partial Parry Chance, Rating Percentage: N=rating"
PARTPARRYPRATPA,S,,,A,,@PartBPEPRatPA,,,,,,1,"Partial Parry Chance, Rating Percentage A"
PARTPARRYPRATPB,S,,,A,,@PartBPEPRatPB,,,,,,1,"Partial Parry Chance, Rating Percentage B-rating"
PARTPARRYPRATPC,S,,,A,,@PartBPEPRatPC,,,,,,1,"Partial Parry Chance, Rating Percentage C (curve constant)"
PARTPARRYPRATPCAP,S,,,A,,@PartBPEPRatPCap,,,,,,1,"Partial Parry Chance, Rating Percentage Cap"
PARTPARRYPRATPCAPR,S,,,A,,@PartBPEPRatPCapR,,,,,,1,"Partial Parry Chance, Rating Percentage Cap Rating"
PERKMORALE,S,1,4,D,,10.0|20.0|30.0|40.0,,,,,,,"Perks stats: L=character level, N=tier"
PERKNCMR,S,,,A,,@FoodNCMRL,,,,,,,Perks stats: L=character level
PERKNCPR,S,,,A,,@FoodNCPRL,,,,,,,Perks stats: L=character level
PERKPHYMIT,S,,,A,,@PhyMitT#(0.2*$N),,,,,,,"Perks stats: L=character level, N=tier"
PERKPOWER,S,1,4,D,,10.0|20.0|30.0|40.0,,,,,,,"Perks stats: L=character level, N=tier"
PERKTACMIT,S,,,A,,@TacMitT#(0.2*$N),,,,,,,"Perks stats: L=character level, N=tier"
PHYDMGPBONUS,S,,,A,,@OutDmgPBonus,,,,,,1,"Physical Damage, Percentage Bonus"
PHYDMGPPRAT,S,,,A,,@OutDmgPPRat#,,,,,,1,"Physical Damage, Percentage Rating: N=percentage"
PHYDMGPRATP,S,,,A,,@OutDmgPRatP#,,,,,,1,"Physical Damage, Rating Percentage: N=rating"
PHYDMGPRATPA,S,,,A,,@OutDmgPRatPA,,,,,,1,"Physical Damage, Rating Percentage A"
PHYDMGPRATPB,S,,,A,,@OutDmgPRatPB,,,,,,1,"Physical Damage, Rating Percentage B-rating"
PHYDMGPRATPC,S,,,A,,@OutDmgPRatPC,,,,,,1,"Physical Damage, Rating Percentage C (curve constant)"
PHYDMGPRATPCAP,S,,,A,,@OutDmgPRatPCap,,,,,,1,"Physical Damage, Rating Percentage Cap"
PHYDMGPRATPCAPR,S,,,A,,@OutDmgPRatPCapR,,,,,,1,"Physical Damage, Rating Percentage Cap Rating"
PHYMAS,S,,,A,,@Mastery#,,,,,,,Main Physical Mastery rating on items calculation
PHYMASC,S,,,A,,@MasteryC#,,,,,,,"Creep Traits/Effects stat: L=cLvl, N=pts"
PHYMASCI,S,,,A,,@MasteryCI#,,,,,,,"Creep Item stat: L=iLvl, N=pts"
PHYMASOLD,S,,,A,,@Mastery#,,,,,,,Main Physical Mastery rating on items calculation
PHYMAST,S,,,A,,@MasteryT#,,,,,,2,Main Physical Mastery rating in traits/effects calculation
PHYMIT,S,,,S,E,PntMPPhyMit,ItemPntS,MitMediumPRatPB,AdjItemMit,,L,,Main Physical Mitigation on items calculation
PHYMITC,S,,,S,,,CreepTraitPntS,CreepTraitProgB,,$FLOAT@PhyMitCI($INT@PhyMitCILvlFilter#)#,L,,"Creep Traits/Effects stat: L=cLvl, N=pts"
PHYMITCI,S,,,S,L,PntMPPhyMitC,ItemPntS,MitMediumPRatPB,AdjCreepMit,,,,"Creep Item stat: L=iLvl, N=pts"
PHYMITCILVLFILTER,S,,,V,,0.0,$CREEPILVLCURR,,,,,,Creep iLvl point filter (returns iLvl based on pts): N=pts
PHYMITHPBONUS,S,,,A,,@MitHeavyPBonus,,,,,,1,"Heavy Class Physical Mitigation, Percentage Bonus"
PHYMITHPPRAT,S,,,A,,@MitHeavyPPRat#,,,,,,1,"Heavy Class Physical Mitigation, Percentage Rating: N=percentage"
PHYMITHPRATP,S,,,A,,@MitHeavyPRatP#,,,,,,1,"Heavy Class Physical Mitigation, Rating Percentage: N=rating"
PHYMITHPRATPA,S,,,A,,@MitHeavyPRatPA,,,,,,1,"Heavy Class Physical Mitigation, Rating Percentage A"
PHYMITHPRATPB,S,,,A,,@MitHeavyPRatPB,,,,,,1,"Heavy Class Physical Mitigation, Rating Percentage B-rating"
PHYMITHPRATPC,S,,,A,,@MitHeavyPRatPC,,,,,,1,"Heavy Class Physical Mitigation, Rating Percentage C (curve constant)"
PHYMITHPRATPCAP,S,,,A,,@MitHeavyPRatPCap,,,,,,1,"Heavy Class Physical Mitigation, Rating Percentage Cap"
PHYMITHPRATPCAPR,S,,,A,,@MitHeavyPRatPCapR,,,,,,1,"Heavy Class Physical Mitigation, Rating Percentage Cap Rating"
PHYMITLPBONUS,S,,,A,,@MitLightPBonus,,,,,,1,"Light Class Physical Mitigation, Percentage Bonus"
PHYMITLPPRAT,S,,,A,,@MitLightPPRat#,,,,,,1,"Light Class Physical Mitigation, Percentage Rating: N=percentage"
PHYMITLPRATP,S,,,A,,@MitLightPRatP#,,,,,,1,"Light Class Physical Mitigation, Rating Percentage: N=rating"
PHYMITLPRATPA,S,,,A,,@MitLightPRatPA,,,,,,1,"Light Class Physical Mitigation, Rating Percentage A"
PHYMITLPRATPB,S,,,A,,@MitLightPRatPB,,,,,,1,"Light Class Physical Mitigation, Rating Percentage B-rating"
PHYMITLPRATPC,S,,,A,,@MitLightPRatPC,,,,,,1,"Light Class Physical Mitigation, Rating Percentage C (curve constant)"
PHYMITLPRATPCAP,S,,,A,,@MitLightPRatPCap,,,,,,1,"Light Class Physical Mitigation, Rating Percentage Cap"
PHYMITLPRATPCAPR,S,,,A,,@MitLightPRatPCapR,,,,,,1,"Light Class Physical Mitigation, Rating Percentage Cap Rating"
PHYMITMPBONUS,S,,,A,,@MitMediumPBonus,,,,,,1,"Medium Class Physical Mitigation, Percentage Bonus"
PHYMITMPPRAT,S,,,A,,@MitMediumPPRat#,,,,,,1,"Medium Class Physical Mitigation, Percentage Rating: N=percentage"
PHYMITMPRATP,S,,,A,,@MitMediumPRatP#,,,,,,1,"Medium Class Physical Mitigation, Rating Percentage: N=rating"
PHYMITMPRATPA,S,,,A,,@MitMediumPRatPA,,,,,,1,"Medium Class Physical Mitigation, Rating Percentage A"
PHYMITMPRATPB,S,,,A,,@MitMediumPRatPB,,,,,,1,"Medium Class Physical Mitigation, Rating Percentage B-rating"
PHYMITMPRATPC,S,,,A,,@MitMediumPRatPC,,,,,,1,"Medium Class Physical Mitigation, Rating Percentage C (curve constant)"
PHYMITMPRATPCAP,S,,,A,,@MitMediumPRatPCap,,,,,,1,"Medium Class Physical Mitigation, Rating Percentage Cap"
PHYMITMPRATPCAPR,S,,,A,,@MitMediumPRatPCapR,,,,,,1,"Medium Class Physical Mitigation, Rating Percentage Cap Rating"
PHYMITT,S,,,S,E,PntMPPhyMit,TraitPntS,MitMediumPRatPB,AdjTraitMit,,L,2,Main Physical Mitigation in traits/effects calculation
PHYRESIST,S,,,A,,@ResistAdd#,,,,,,,Additional Physical Resistance rating on items calculation
PHYRESISTT,S,,,A,,@ResistAddT#,,,,,,2,Additional Physical Resistance rating in traits/effects calculation
PLAYERBASEEVADE,S,,,C,,1.0,,,,,,,Base Evade Rating which every character gets from the start
PLAYERBASEPARRY,S,,,C,,3.0,,,,,,,Base Parry Rating which every character gets from the start
PLAYERBASEPHYMAS,S,,,C,,1.0,,,,,,,Base Physical Mastery Rating which every character gets from the start
PLAYERBASETACMAS,S,,,C,,1.0,,,,,,,Base Tactical Mastery Rating which every character gets from the start
PNTMPARMOURC,S,,,C,,0.0165165,,,,,,,Stat Point Multiplier Creep Armour
PNTMPARMOURPENT,S,,,C,,0.06,,,,,,3,Stat Point Multiplier Armour Pentration for Instances
PNTMPARMOURT,S,,,C,,25.0/1200.0,,,,,,2,Stat Point Multiplier Armour Value for Traits/Effects
PNTMPARMOURVIRTUES,S,,,C,,0.02,,,,,,,Stat Point Multiplier Armour Value for Virtues
PNTMPBPE,S,,,C,,0.035,,,,,,3,
PNTMPBPEC,S,,,C,,0.0165165,,,,,,,Stat Point Multiplier Creep BPE
PNTMPCLASSBASEICPR,S,,,C,,0.15,,,,,,1,Stat Point Multiplier Class Base ICPR
PNTMPCLASSBASENCPR,S,,,C,,0.5,,,,,,1,Stat Point Multiplier Class Base NCPR
PNTMPCRITDEF,S,,,C,,40.0/1200.0,,,,,,2,
PNTMPCRITDEFC,S,,,C,,0.0165165,,,,,,,Stat Point Multiplier Creep Critical Defence
PNTMPCRITHIT,S,,,C,,20.0/1200.0,,,,,,2,Stat Point Multiplier Offence ratings
PNTMPCRITHITC,S,,,C,,0.01651,,,,,,,Stat Point Multiplier Creep Critical Rating
PNTMPDMGTYPEMIT,S,,,C,,0.02,,,,,,,"Stat Point Multiplier Damage Type (Fire,Frost,Light,Lightning,Shadow) Mitigation on items"
PNTMPDMGTYPEMITT,S,,,C,,0.05,,,,,,2,"Stat Point Multiplier Damage Type (Fire,Frost,Light,Lightning,Shadow) Mitigation"
PNTMPFATE,S,,,C,,2.5,,,,,,3,
PNTMPFELLWMIT,S,,,C,,0.016,,,,,,,Stat Point Multiplier Fell-Wrought Mitigation
PNTMPFINESSE,S,,,C,,40.0/1200.0,,,,,,2,Stat Point Multiplier Finesse rating on items
PNTMPFINESSEC,S,,,C,,0.0165165,,,,,,,Stat Point Multiplier Creep Finesse Rating
PNTMPFINESSET,S,,,C,,0.03,,,,,,2,Stat Point Multiplier Finesse rating for Traits/Effects
PNTMPICMR,S,,,C,,0.03,,,,,,3,Stat Point Multiplier ICMR
PNTMPICMRC,S,,,C,,0.0194,,,,,,,Stat Point Multiplier Creep ICMR
PNTMPICMRDEBUFFT,S,,,C,,0.076,,,,,,,Stat Point Multiplier trait/effect debuff ICMR
PNTMPICPR,S,,,C,,0.125,,,,,,3,Stat Point Multiplier ICPR
PNTMPICPRC,S,,,C,,0.019,,,,,,,Stat Point Multiplier Creep ICPR
PNTMPINHEAL,S,,,C,,40.0/1200.0,,,,,,2,
PNTMPMAIN,S,,,C,,0.5,,,,,,3,Stat Point Multiplier Main stats
PNTMPMAINC,S,,,C,,0.16516,,,,,,,Stat Point Multiplier Creep Main stats
PNTMPMASTERY,S,,,C,,17.0/1200.0,,,,,,2,Stat Point Multiplier Mastery ratings
PNTMPMASTERYC,S,,,C,,0.01651,,,,,,,Stat Point Multiplier Creep Mastery ratings
PNTMPMITIGATION,S,,,C,,28.0/1200.0,,,,,,2,Stat Point Multiplier old mitigation ratings
PNTMPMORALE,S,,,C,,2.0,,,,,,3,Stat Point Multiplier Morale
PNTMPMORALEVIRTUES,S,,,C,,1.5,,,,,,,Stat Point Multiplier Morale for Virtues
PNTMPNCMR,S,,,C,,0.3,,,,,,3,Stat Point Multiplier NCMR
PNTMPNCPR,S,,,C,,1.0,,,,,,3,Stat Point Multiplier NCPR
PNTMPORCCMIT,S,,,C,,0.016,,,,,,,Stat Point Multiplier Orc-Craft Mitigation
PNTMPOUTHEAL,S,,,C,,0.025,,,,,,2,
PNTMPPHYMIT,S,,,C,,0.03,,,,,,2,Stat Point Multiplier Physical Mitigation
PNTMPPHYMITC,S,,,C,,0.0165165,,,,,,,Stat Point Multiplier Creep Physical Mitigation
PNTMPPOWER,S,,,C,,2.0,,,,,,,Stat Point Multiplier Power on items
PNTMPPOWERT,S,,,C,,1.333,,,,,,3,Stat Point Multiplier Power for Traits/Effects
PNTMPRESIST,S,,,C,,0.03,,,,,,3,Stat Point Multiplier Resistance ratings
PNTMPRESISTC,S,,,C,,0.01651,,,,,,,Stat Point Multiplier Creep Resistance Rating
PNTMPTACMIT,S,,,C,,0.03,,,,,,2,Stat Point Multiplier Tactical Mitigation
PNTMPTACMITC,S,,,C,,0.0165165,,,,,,,Stat Point Multiplier Creep Tactical Mitigation
PNTMPVITALITY,S,,,C,,0.35,,,,,,,Stat Point Multiplier Vitality on items
PNTMPVITALITYC,S,,,C,,0.329,,,,,,,Stat Point Multiplier Creep Vitality stat
PNTMPVITALITYT,S,,,C,,0.45,,,,,,3,Stat Point Multiplier Vitality for Traits/Effects
POISONRESIST,S,,,A,,@ResistAdd#,,,,,,,Additional Poison Resistance rating on items calculation
POISONRESISTT,S,,,A,,@ResistAddT#,,,,,,2,Additional Poison Resistance rating in traits/effects calculation
POWER,S,,,S,E,PntMPPower,ItemPntSVital,ProgBEnergy,,,L,,"Main Item Power calculation: L=item level, N=points"
POWERT,S,,,S,E,PntMPPowerT,TraitPntSVital,ProgBEnergy,,,L,3,"Main Trait Power calculation: L=character level, N=points"
PROGBDAMAGE,S,,,A,,@StdProgDamage#2.0,,,,,,,Base progression Damage stats. L=character level
PROGBDAMAGENOIMP,S,,,S,,,TraitPntSVital,ProgBDamage,ProgBDamageNoImpAdj,,,,"Base progression Damage stats, without weapon implement like for mobs and pets: L=character level"
PROGBDAMAGENOIMPADJ,S,,50,T,,1.0,1.25,3.0,1,50,,,
,,,100,T,,1.0,3.0,4.5,50,100,,,
,,,,A,,4.5+($L-100)*0.0125,,,,,,,above cLvl100: advancement 0.0125/cLvl
PROGBENERGY,S,,,A,,@StdProgEnergy#2.0,,,,,,3,Base progression Energy stats. L=character level
PROGBHEALTH,S,,,A,,@StdProgHealth#4.0,,,,,,3,Base progression Health stats. L=character level
PROGBMAIN,S,,,A,,@StdProgRatings#1.75,,,,,,3,Progression Base for Main stats. L=character level
PROGBMAINOLD,S,,,A,,@StdProgRatingsOld#1.75,,,,,,1,Progression Base for Main stats without step-up at cLvl151. L=character level
RACENAME,S,,,V,,6|7|12|23|27|39|65|66|73|81|114|117|120|125,!Uruk!|!Orc!|!Spider!|!Man!|!Critter!|!Angmarim!|!Elf!|!Warg!|!Dwarf!|!Hobbit!|!Beorning!|!HighElf!|!StoutAxe!|!RiverHobbit!|!!,$L,,,,3,CalcStat Race Name: L=race id
REAVERCANBLOCK,S,,,C,,1,,,,,,1,"Class can block? Yes=1, No=0"
REAVERCDCALCTYPECOMPHYMIT,S,,,C,,13,,,,,,1,"Class common/physical mitigation calculation type: Light=12, Medium=13, Heavy=14"
REAVERCDCALCTYPENONPHYMIT,S,,,C,,14,,,,,,1,"Class non-common/physical mitigation calculation type: Light=12, Medium=13, Heavy=14"
REAVERCDCALCTYPETACMIT,S,,,C,,27,,,,,,1,"Class tactical mitigation calculation type: Light=25, Medium=26, Heavy=27"
REAVERCDHASPOWER,S,,,C,,1,,,,,,1,"Class has Power stat?: Yes=1, No=0"
REPAGILITYH,S,,,A,,@RepMainH,,,,,,,Reputation main stats calculation
REPAGILITYL,S,,,A,,@RepMainL,,,,,,,Reputation main stats calculation
REPCRITDEF,S,,,I,,1|50|85|105|120,900.0|1488.0|1908.0|2148.0|2328.0,,,,,,Reputation critdef calculation
REPCRITHIT,S,,,I,,1|50|85|105|120,300.0|496.0|636.0|716.0|776.0,,,,,,Reputation crithit calculation
REPFATEH,S,,,A,,@RepMainH,,,,,,,Reputation main stats calculation
REPFATEL,S,,,A,,@RepMainL,,,,,,,Reputation main stats calculation
REPFINESSE,S,,,I,,1|50|85|105|120,322.0|557.0|749.9477|859.1634|939.2549,,,,,,Reputation finesse calculation
REPMAINH,S,,,I,D0,1|50|85|105|120,80.0|153.0|206.0|236.0|258.0,,,,,,Reputation main stats calculation
REPMAINL,S,,,I,D0,1|50|85|105|120,53.0|102.0|137.0|157.0|172.0,,,,,,Reputation main stats calculation
REPMIGHTH,S,,,A,,@RepMainH,,,,,,,Reputation main stats calculation
REPMIGHTL,S,,,A,,@RepMainL,,,,,,,Reputation main stats calculation
REPMORALE,S,,,I,,1|50|85|105|120,187.0|427.0|599.0|697.0|770.0,,,,,,Reputation morale calculation
REPPOWER,S,,,I,,1|50|85|105|120,94.0|212.0|296.0|344.0|380.0,,,,,,Reputation power calculation
REPTACMIT,S,,,I,,1|50|85|105|120,675.0|1116.0|1431.0|1611.0|1746.0,,,,,,Reputation tacmit calculation
REPVITALITYH,S,,,A,,@RepMainH,,,,,,,Reputation main stats calculation
REPVITALITYL,S,,,A,,@RepMainL,,,,,,,Reputation main stats calculation
REPWILLH,S,,,A,,@RepMainH,,,,,,,Reputation main stats calculation
REPWILLL,S,,,A,,@RepMainL,,,,,,,Reputation main stats calculation
RESIST,S,,,S,E,PntMPResist,ItemPntS,ResistPRatPB,AdjItemRat,,L,,Main Resistance rating on items calculation
RESISTADD,S,,,A,,@Resist#,,,,,,,Additional Resistance rating on items calculation
RESISTADDT,S,,,A,,@ResistT#,,,,,,2,Additional Resistance rating in traits/effects calculation
RESISTC,S,,,S,,,CreepTraitPntS,CreepTraitProgB,,$FLOAT@ResistCI($INT@ResistCILvlFilter#)#,L,,"Creep Traits/Effects stat: L=cLvl, N=pts"
RESISTCI,S,,,S,L,PntMPResistC,ItemPntS,ResistPRatPB,AdjCreepExtra,,,,"Creep Item stat: L=iLvl, N=pts"
RESISTCILVLFILTER,S,,,V,,0.0,$CREEPILVLCURR,,,,,,Creep iLvl point filter (returns iLvl based on pts): N=pts
RESISTPPRAT,S,,,R,,$FLOAT@ResistPRatPA,$FLOAT@ResistPRatPB,$FLOAT@ResistPRatPCapR,,,,1,"Resistance, Percentage Rating: N=percentage"
RESISTPRATP,S,,,P,,$FLOAT@ResistPRatPA,$FLOAT@ResistPRatPB,$FLOAT@ResistPRatPCap,,,,1,"Resistance, Rating Percentage: N=rating"
RESISTPRATPA,S,,,C,,150.0,,,,,,1,"Resistance, Rating Percentage A"
RESISTPRATPB,S,,,A,,@BRatExtra,,,,,,3,"Resistance, Rating Percentage B-rating"
RESISTPRATPC,S,,,C,,0.5,,,,,,1,"Resistance, Rating Percentage C (curve constant)"
RESISTPRATPCAP,S,,,C,,50.0,,,,,,1,"Resistance, Rating Percentage Cap"
RESISTPRATPCAPR,S,,,A,,$FLOAT@ResistPRatPB*$FLOAT@ResistPRatPC,,,,,,1,"Resistance, Rating Percentage Cap Rating"
RESISTT,S,,,S,E,PntMPResist,TraitPntS,ResistPRatPB,AdjTraitRat,,L,3,Main Resistance rating in traits/effects calculation
RIVERHOBBITRDPSVONENAME,S,,,A,,!Seen the World!,,,,,,,River Hobbit Racial Passive Trait One: L=character level
RIVERHOBBITRDPSVONEWILL,S,,,A,,@RivHobSeenWorldWill,,,,,,,River Hobbit Racial Passive Trait One: L=character level
RIVERHOBBITRDPSVTWONAME,S,,,A,,!!,,,,,,,River Hobbit Racial Passive Trait Two: L=character level
RIVERHOBBITRDTRAITAGILITY,S,,,A,,@RivHobSlipperyAgility,,,,,,1,River Hobbit Racial Characteristic passive stat cumulative
RIVERHOBBITRDTRAITFROSTMITP,S,,,A,,@RivHobSwimmerFrostMitP,,,,,,1,River Hobbit Racial Characteristic passive stat cumulative
RIVERHOBBITRDTRAITMORALE,S,,,A,,@RivHobHardyHolbMorale,,,,,,1,River Hobbit Racial Characteristic passive stat cumulative
RIVERHOBBITRDTRAITWILL,S,,,A,,@RivHobSeclusionWill,,,,,,1,River Hobbit Racial Characteristic passive stat cumulative
RIVHOBHARDYHOLBMORALE,S,,,A,,@MoraleT#1.0,,,,,,1,River Hobbit Racial Characteristic passive trait
RIVHOBSECLUSIONWILL,S,,,A,,-$FLOAT@WillT#0.4,,,,,,1,River Hobbit Racial Characteristic passive trait
RIVHOBSEENWORLDWILL,S,,,A,,@WillT#1.0,,,,,,,River Hobbit Racial Passive Trait: L=character level
RIVHOBSLIPPERYAGILITY,S,,,A,,@AgilityT#1.0,,,,,,1,River Hobbit Racial Characteristic passive trait
RIVHOBSWIMMERFROSTMITP,S,,,C,,1.0,,,,,,1,River Hobbit Racial Characteristic passive trait
RKDETERMINATIONWILL,S,,,A,,@WillT#($FLOAT@Trait567810Choice($N)*0.4),,,,,,2,"Rune-keeper Determination trait Will: L=character level, N=trait rank"
RKFORTUNESMILESFATE,S,,,A,,@FateT#($FLOAT@Trait12345Choice($N)*0.4),,,,,,2,"Rune-keeper Fortune Smiles trait Fate: L=character level, N=trait rank"
RUNEKEEPERCDAGILITYTOCRITHIT,S,,,C,,2.0,,,,,,,Rune-keeper Agility stat contribution
RUNEKEEPERCDAGILITYTOEVADE,S,,,C,,1.0,,,,,,,Rune-keeper Agility stat contribution
RUNEKEEPERCDAGILITYTOFINESSE,S,,,C,,1.0,,,,,,,Rune-keeper Agility stat contribution
RUNEKEEPERCDAGILITYTOTACMAS,S,,,C,,2.0,,,,,,,Rune-keeper Agility stat contribution
RUNEKEEPERCDARMOURTOCOMPHYMIT,S,,,C,,1.0,,,,,,,Rune-keeper Armour stat contribution
RUNEKEEPERCDARMOURTONONPHYMIT,S,,,C,,0.2,,,,,,,Rune-keeper Armour stat contribution
RUNEKEEPERCDARMOURTOTACMIT,S,,,C,,0.2,,,,,,,Rune-keeper Armour stat contribution
RUNEKEEPERCDARMOURTYPE,S,,,C,,1,,,,,,1,"Class armour type: Light=1, Medium=2, Heavy=3"
RUNEKEEPERCDBASEAGILITY,S,,,A,,@ClassBaseAgilityL,,,,,,1,Rune-keeper Class Base stats: L=character level
RUNEKEEPERCDBASEFATE,S,,,A,,@ClassBaseFate,,,,,,1,Rune-keeper Class Base stats: L=character level
RUNEKEEPERCDBASEICMR,S,,,A,,@ClassBaseICMRL,,,,,,1,Rune-keeper Class Base stats: L=character level
RUNEKEEPERCDBASEICPR,S,,,A,,@ClassBaseICPR,,,,,,1,Rune-keeper Class Base stats: L=character level
RUNEKEEPERCDBASEMIGHT,S,,,A,,@ClassBaseMightM,,,,,,1,Rune-keeper Class Base stats: L=character level
RUNEKEEPERCDBASEMORALE,S,,,A,,@ClassBaseMorale,,,,,,1,Rune-keeper Class Base stats: L=character level
RUNEKEEPERCDBASENCMR,S,,,A,,@ClassBaseNCMRL,,,,,,1,Rune-keeper Class Base stats: L=character level
RUNEKEEPERCDBASENCPR,S,,,A,,@ClassBaseNCPR,,,,,,1,Rune-keeper Class Base stats: L=character level
RUNEKEEPERCDBASEPOWER,S,,,A,,@ClassBasePower,,,,,,1,Rune-keeper Class Base stats: L=character level
RUNEKEEPERCDBASEVITALITY,S,,,A,,@ClassBaseVitality,,,,,,1,Rune-keeper Class Base stats: L=character level
RUNEKEEPERCDBASEWILL,S,,,A,,@ClassBaseWillH,,,,,,1,Rune-keeper Class Base stats: L=character level
RUNEKEEPERCDCALCTYPECOMPHYMIT,S,,,C,,12,,,,,,1,"Class common/physical mitigation calculation type: Light=12, Medium=13, Heavy=14"
RUNEKEEPERCDCALCTYPENONPHYMIT,S,,,C,,12,,,,,,1,"Class non-common/physical mitigation calculation type: Light=12, Medium=13, Heavy=14"
RUNEKEEPERCDCALCTYPETACMIT,S,,,C,,25,,,,,,1,"Class tactical mitigation calculation type: Light=25, Medium=26, Heavy=27"
RUNEKEEPERCDFATETOICPR,S,,,C,,0.015,,,,,,,Rune-keeper Fate stat contribution
RUNEKEEPERCDFATETONCPR,S,,,C,,0.15,,,,,,,Rune-keeper Fate stat contribution
RUNEKEEPERCDFATETOPOWER,S,,,C,,1.5,,,,,,,Rune-keeper Fate stat contribution
RUNEKEEPERCDHASPOWER,S,,,C,,1,,,,,,1,"Class has Power stat?: Yes=1, No=0"
RUNEKEEPERCDMIGHTTOCRITHIT,S,,,C,,1.0,,,,,,,Rune-keeper Might stat contribution
RUNEKEEPERCDMIGHTTOOUTHEAL,S,,,C,,2.0,,,,,,,Rune-keeper Might stat contribution
RUNEKEEPERCDMIGHTTOTACMAS,S,,,C,,2.0,,,,,,,Rune-keeper Might stat contribution
RUNEKEEPERCDMIGHTTOTACMIT,S,,,C,,1.0,,,,,,,Rune-keeper Might stat contribution
RUNEKEEPERCDPHYMITTOCOMPHYMIT,S,,,C,,1.0,,,,,,,Rune-keeper PhyMit stat contribution
RUNEKEEPERCDPHYMITTONONPHYMIT,S,,,C,,1.0,,,,,,,Rune-keeper PhyMit stat contribution
RUNEKEEPERCDTACMASTOOUTHEAL,S,,,C,,1.0,,,,,,,Rune-keeper TacMas stat contribution
RUNEKEEPERCDVITALITYTOICMR,S,,,C,,0.012,,,,,,,Rune-keeper Vitality stat contribution
RUNEKEEPERCDVITALITYTOMORALE,S,,,C,,4.5,,,,,,,Rune-keeper Vitality stat contribution
RUNEKEEPERCDVITALITYTONCMR,S,,,C,,0.12,,,,,,,Rune-keeper Vitality stat contribution
RUNEKEEPERCDWILLTOCRITHIT,S,,,C,,1.0,,,,,,,Rune-keeper Will stat contribution
RUNEKEEPERCDWILLTOEVADE,S,,,C,,2.0,,,,,,,Rune-keeper Will stat contribution
RUNEKEEPERCDWILLTOPHYMIT,S,,,C,,1.0,,,,,,,Rune-keeper Will stat contribution
RUNEKEEPERCDWILLTORESIST,S,,,C,,1.0,,,,,,,Rune-keeper Will stat contribution
RUNEKEEPERCDWILLTOTACMAS,S,,,C,,3.0,,,,,,,Rune-keeper Will stat contribution
RUNEKEEPERCDWILLTOTACMIT,S,,,C,,1.0,,,,,,,Rune-keeper Will stat contribution
SHADOWMIT,S,,,A,,@DmgTypeMit#,,,,,,,Main Shadow Mitigation on items calculation
SHADOWMITT,S,,,A,,@DmgTypeMitT#,,,,,,2,Main Shadow Mitigation in traits/effects calculation
SHIELDBLOCK,S,,,A,,@BPE#($N*(80.0/42.0)),,,,,,2,Block rating for shields calculation: L=item level
SHIELDBRAWLERBLOCK,S,,,A,,@DwarfShieldBrwlBlock,,,,,,,Dwarf Shield-brawler racial trait Block rating: L=character level (depreciated)
SKILLPOWERCOST,S,141,,A,,@CombatDamageModEnergy#(1.05*0.32*$N),,,,,,2,"Skill Power Cost: L=character level, N=base value (0.25 0.5 1 1.5 2 2.5 3 3.5 4 5 6 8 10 etc)"
,,,,A,,@CombatDamageModEnergy#(0.32*$N),,,,,,,
SKILLPOWERCOSTMOUNTED,S,,,A,,@CombatDamageModEnergy#(0.32*$N),,,,,,2,"Skill Power Cost: L=character level, N=base value (0.25 0.5 1 1.5 2 2.5 3 3.5 4 5 6 8 10 etc)"
SONGRESIST,S,,,A,,@ResistAdd#,,,,,,,Main Song Resistance rating on items calculation
SONGRESISTT,S,,,A,,@ResistAddT#,,,,,,2,Main Song Resistance rating in traits/effects calculation
SORCERESSCANBLOCK,S,,,C,,1,,,,,,1,"Class can block? Yes=1, No=0"
SORCERESSCDCALCTYPECOMPHYMIT,S,,,C,,13,,,,,,1,"Class common/physical mitigation calculation type: Light=12, Medium=13, Heavy=14"
SORCERESSCDCALCTYPENONPHYMIT,S,,,C,,14,,,,,,1,"Class non-common/physical mitigation calculation type: Light=12, Medium=13, Heavy=14"
SORCERESSCDCALCTYPETACMIT,S,,,C,,27,,,,,,1,"Class tactical mitigation calculation type: Light=25, Medium=26, Heavy=27"
SORCERESSCDHASPOWER,S,,,C,,1,,,,,,1,"Class has Power stat?: Yes=1, No=0"
SPEARPIERCEDMG,S,,,A,,@CombatDamageModDamageItem#(-0.65),,,,,,,Damage Base for Spear-pierce effect on spear items: L=item level
STALKERCANBLOCK,S,,,C,,1,,,,,,1,"Class can block? Yes=1, No=0"
STALKERCDCALCTYPECOMPHYMIT,S,,,C,,13,,,,,,1,"Class common/physical mitigation calculation type: Light=12, Medium=13, Heavy=14"
STALKERCDCALCTYPENONPHYMIT,S,,,C,,14,,,,,,1,"Class non-common/physical mitigation calculation type: Light=12, Medium=13, Heavy=14"
STALKERCDCALCTYPETACMIT,S,,,C,,27,,,,,,1,"Class tactical mitigation calculation type: Light=25, Medium=26, Heavy=27"
STALKERCDHASPOWER,S,,,C,,1,,,,,,1,"Class has Power stat?: Yes=1, No=0"
STATC,S,,,A,,CalcStat($C|$L$PNULL),,,,,,,Calculates the stat passed in C
STDMORALEH,S,,,A,U0,$FLOAT@DirectHealth#(17446.233/1200.0),,,,,,,Captain Standard Morale – High: L=ilvl
STDMORALEL,S,,,A,U0,$FLOAT@DirectHealth#(8726.1/1200.0),,,,,,,Captain Standard Morale – Low: L=ilvl
STDMORALEM,S,,,A,U0,$FLOAT@DirectHealth#(13093.057/1200.0),,,,,,,Captain Standard Morale – Medium: L=ilvl
STDPNTS,S,,,G,,$ANGMAR_CLVL_START|$ANGMAR_CLVL_END|$MORIA_CLVL_END|$MIRKWOOD_CLVL_END|$ISENGARD_CLVL_END|$ROR_CLVL_END|$HELMSDEEP_CLVL_END|$POD_CLVL_END|$MINASTIRITH_CLVL_END|$MORDOR_CLVL_START|$MORDOR_CLVL_END|$DRAGONS_CLVL_START|$DRAGONS_CLVL_END|$MINASMORGUL_CLVL_START|$MINASMORGUL_CLVL_END|$GUNDABAD_CLVL_START|$GUNDABAD_CLVL_END|$UMBAR_CLVL_START|$UMBAR_CLVL_END|$HARAD_CLVL_START|$HARAD_CLVL_END|$FUTURE_CLVL_START|$FUTURE_CLVL_END,$ANGMAR_CLVL_START|$ANGMAR_CLVL_END|$MORIA_CLVL_END|$MIRKWOOD_CLVL_END|$ISENGARD_CLVL_END|$ROR_CLVL_END|$HELMSDEEP_CLVL_END|$POD_CLVL_END|$MINASTIRITH_CLVL_END|$MORDOR_CLVL_START|$MORDOR_CLVL_END|$DRAGONS_CLVL_START|$DRAGONS_CLVL_END|$MINASMORGUL_CLVL_START|$MINASMORGUL_CLVL_END|$GUNDABAD_CLVL_START|$GUNDABAD_CLVL_END|$UMBAR_CLVL_START|$UMBAR_CLVL_END|$HARAD_CLVL_START|$HARAD_CLVL_END|$FUTURE_CLVL_START|$FUTURE_CLVL_END,,,,,3,Standard Progression points scheme
STDPOWERH,S,,,A,TE,$FLOAT@DirectEnergy#(47055.0/1200.0),,,,,,,Captain Standard Power – High: L=ilvl
STDPOWERL,S,,,A,TE,$FLOAT@DirectEnergy#(23583.0/1200.0),,,,,,,Captain Standard Power – Low: L=ilvl
STDPROGDAMAGE,S,,0,C,,0.0,,,,,,,"Standard Progression Damage: L=character level, N=base value"
,,,$ANGMAR_CLVL_END,T,,$N,$ANGMAR_DAMAGE_START,$ANGMAR_DAMAGE_END,$ANGMAR_CLVL_START,$ANGMAR_CLVL_END,P,,
,,,$MORIA_CLVL_END,T,,$FLOAT@StdProgDamage($ANGMAR_CLVL_END)#,$MORIA_DAMAGE_START,$MORIA_DAMAGE_END,$MORIA_CLVL_START,$MORIA_CLVL_END,P,,
,,,$MIRKWOOD_CLVL_END,T,,$FLOAT@StdProgDamage($MORIA_CLVL_END)#,$MIRKWOOD_DAMAGE_START,$MIRKWOOD_DAMAGE_END,$MIRKWOOD_CLVL_START,$MIRKWOOD_CLVL_END,P,,
,,,$ISENGARD_CLVL_END,T,,$FLOAT@StdProgDamage($MIRKWOOD_CLVL_END)#,$ISENGARD_DAMAGE_START,$ISENGARD_DAMAGE_END,$ISENGARD_CLVL_START,$ISENGARD_CLVL_END,P,,
,,,$ROR_CLVL_END,T,,$FLOAT@StdProgDamage($ISENGARD_CLVL_END)#,$ROR_DAMAGE_START,$ROR_DAMAGE_END,$ROR_CLVL_START,$ROR_CLVL_END,P,,
,,,$HELMSDEEP_CLVL_END,T,,$FLOAT@StdProgDamage($ROR_CLVL_END)#,$HELMSDEEP_DAMAGE_START,$HELMSDEEP_DAMAGE_END,$HELMSDEEP_CLVL_START,$HELMSDEEP_CLVL_END,P,,
,,,$POD_CLVL_END,T,,$FLOAT@StdProgDamage($HELMSDEEP_CLVL_END)#,$POD_DAMAGE_START,$POD_DAMAGE_END,$POD_CLVL_START,$POD_CLVL_END,P,,
,,,$MINASTIRITH_CLVL_END,T,,$FLOAT@StdProgDamage($POD_CLVL_END)#,$MINASTIRITH_DAMAGE_START,$MINASTIRITH_DAMAGE_END,$MINASTIRITH_CLVL_START,$MINASTIRITH_CLVL_END,P,,
,,,$MORDOR_CLVL_END,T,,$FLOAT@StdProgDamage($MINASTIRITH_CLVL_END)#,$MORDOR_DAMAGE_START,$MORDOR_DAMAGE_END,$MORDOR_CLVL_START,$MORDOR_CLVL_END,P,,
,,,$DRAGONS_CLVL_END,T,,$FLOAT@StdProgDamage($MORDOR_CLVL_END)#,$DRAGONS_DAMAGE_START,$DRAGONS_DAMAGE_END,$DRAGONS_CLVL_START,$DRAGONS_CLVL_END,P,,
,,,$MINASMORGUL_CLVL_END,T,,$FLOAT@StdProgDamage($DRAGONS_CLVL_END)#,$MINASMORGUL_DAMAGE_START,$MINASMORGUL_DAMAGE_END,$MINASMORGUL_CLVL_START,$MINASMORGUL_CLVL_END,P,,
,,,$GUNDABAD_CLVL_END,T,,$FLOAT@StdProgDamage($MINASMORGUL_CLVL_END)#,$GUNDABAD_DAMAGE_START,$GUNDABAD_DAMAGE_END,$GUNDABAD_CLVL_START,$GUNDABAD_CLVL_END,P,,
,,,$UMBAR_CLVL_END,T,,$FLOAT@StdProgDamage($GUNDABAD_CLVL_END)#,$UMBAR_DAMAGE_START,$UMBAR_DAMAGE_END,$UMBAR_CLVL_START,$UMBAR_CLVL_END,P,,
,,,$HARAD_CLVL_END,T,,$FLOAT@StdProgDamage($UMBAR_CLVL_END)#,$HARAD_DAMAGE_START,$HARAD_DAMAGE_END,$HARAD_CLVL_START,$HARAD_CLVL_END,P,,
,,,,T,,$FLOAT@StdProgDamage($HARAD_CLVL_END)#,$FUTURE_DAMAGE_START,$FUTURE_DAMAGE_END,$FUTURE_CLVL_START,$FUTURE_CLVL_END,P,,
STDPROGENERGY,S,,0,C,,0.0,,,,,,3,"Standard Progression Energy: L=character level, N=base value"
,,,$ANGMAR_CLVL_END,T,,$N,$ANGMAR_ENERGY_START,$ANGMAR_ENERGY_END,$ANGMAR_CLVL_START,$ANGMAR_CLVL_END,P,,
,,,$MORIA_CLVL_END,T,,$FLOAT@StdProgEnergy($ANGMAR_CLVL_END)#,$MORIA_ENERGY_START,$MORIA_ENERGY_END,$MORIA_CLVL_START,$MORIA_CLVL_END,P,,
,,,$MIRKWOOD_CLVL_END,T,,$FLOAT@StdProgEnergy($MORIA_CLVL_END)#,$MIRKWOOD_ENERGY_START,$MIRKWOOD_ENERGY_END,$MIRKWOOD_CLVL_START,$MIRKWOOD_CLVL_END,P,,
,,,$ISENGARD_CLVL_END,T,,$FLOAT@StdProgEnergy($MIRKWOOD_CLVL_END)#,$ISENGARD_ENERGY_START,$ISENGARD_ENERGY_END,$ISENGARD_CLVL_START,$ISENGARD_CLVL_END,P,,
,,,$ROR_CLVL_END,T,,$FLOAT@StdProgEnergy($ISENGARD_CLVL_END)#,$ROR_ENERGY_START,$ROR_ENERGY_END,$ROR_CLVL_START,$ROR_CLVL_END,P,,
,,,$HELMSDEEP_CLVL_END,T,,$FLOAT@StdProgEnergy($ROR_CLVL_END)#,$HELMSDEEP_ENERGY_START,$HELMSDEEP_ENERGY_END,$HELMSDEEP_CLVL_START,$HELMSDEEP_CLVL_END,P,,
,,,$POD_CLVL_END,T,,$FLOAT@StdProgEnergy($HELMSDEEP_CLVL_END)#,$POD_ENERGY_START,$POD_ENERGY_END,$POD_CLVL_START,$POD_CLVL_END,P,,
,,,$MINASTIRITH_CLVL_END,T,,$FLOAT@StdProgEnergy($POD_CLVL_END)#,$MINASTIRITH_ENERGY_START,$MINASTIRITH_ENERGY_END,$MINASTIRITH_CLVL_START,$MINASTIRITH_CLVL_END,P,,
,,,$MORDOR_CLVL_END,T,,$FLOAT@StdProgEnergy($MINASTIRITH_CLVL_END)#,$MORDOR_ENERGY_START,$MORDOR_ENERGY_END,$MORDOR_CLVL_START,$MORDOR_CLVL_END,P,,
,,,$DRAGONS_CLVL_END,T,,$FLOAT@StdProgEnergy($MORDOR_CLVL_END)#,$DRAGONS_ENERGY_START,$DRAGONS_ENERGY_END,$DRAGONS_CLVL_START,$DRAGONS_CLVL_END,P,,
,,,$MINASMORGUL_CLVL_END,T,,$FLOAT@StdProgEnergy($DRAGONS_CLVL_END)#,$MINASMORGUL_ENERGY_START,$MINASMORGUL_ENERGY_END,$MINASMORGUL_CLVL_START,$MINASMORGUL_CLVL_END,P,,
,,,$GUNDABAD_CLVL_END,T,,$FLOAT@StdProgEnergy($MINASMORGUL_CLVL_END)#,$GUNDABAD_ENERGY_START,$GUNDABAD_ENERGY_END,$GUNDABAD_CLVL_START,$GUNDABAD_CLVL_END,P,,
,,,$UMBAR_CLVL_END,T,,$FLOAT@StdProgEnergy($GUNDABAD_CLVL_END)#,$UMBAR_ENERGY_START,$UMBAR_ENERGY_END,$UMBAR_CLVL_START,$UMBAR_CLVL_END,P,,
,,,$HARAD_CLVL_END,T,,$FLOAT@StdProgEnergy($UMBAR_CLVL_END)#,$HARAD_ENERGY_START,$HARAD_ENERGY_END,$HARAD_CLVL_START,$HARAD_CLVL_END,P,,
,,,,T,,$FLOAT@StdProgEnergy($HARAD_CLVL_END)#,$FUTURE_ENERGY_START,$FUTURE_ENERGY_END,$FUTURE_CLVL_START,$FUTURE_CLVL_END,P,,
STDPROGHEALTH,S,,0,C,,0.0,,,,,,3,"Standard Progression Health: L=character level, N=base value"
,,,$ANGMAR_CLVL_END,T,,$N,$ANGMAR_HEALTH_START,$ANGMAR_HEALTH_END,$ANGMAR_CLVL_START,$ANGMAR_CLVL_END,P,,
,,,$MORIA_CLVL_END,T,,$FLOAT@StdProgHealth($ANGMAR_CLVL_END)#,$MORIA_HEALTH_START,$MORIA_HEALTH_END,$MORIA_CLVL_START,$MORIA_CLVL_END,P,,
,,,$MIRKWOOD_CLVL_END,T,,$FLOAT@StdProgHealth($MORIA_CLVL_END)#,$MIRKWOOD_HEALTH_START,$MIRKWOOD_HEALTH_END,$MIRKWOOD_CLVL_START,$MIRKWOOD_CLVL_END,P,,
,,,$ISENGARD_CLVL_END,T,,$FLOAT@StdProgHealth($MIRKWOOD_CLVL_END)#,$ISENGARD_HEALTH_START,$ISENGARD_HEALTH_END,$ISENGARD_CLVL_START,$ISENGARD_CLVL_END,P,,
,,,$ROR_CLVL_END,T,,$FLOAT@StdProgHealth($ISENGARD_CLVL_END)#,$ROR_HEALTH_START,$ROR_HEALTH_END,$ROR_CLVL_START,$ROR_CLVL_END,P,,
,,,$HELMSDEEP_CLVL_END,T,,$FLOAT@StdProgHealth($ROR_CLVL_END)#,$HELMSDEEP_HEALTH_START,$HELMSDEEP_HEALTH_END,$HELMSDEEP_CLVL_START,$HELMSDEEP_CLVL_END,P,,
,,,$POD_CLVL_END,T,,$FLOAT@StdProgHealth($HELMSDEEP_CLVL_END)#,$POD_HEALTH_START,$POD_HEALTH_END,$POD_CLVL_START,$POD_CLVL_END,P,,
,,,$MINASTIRITH_CLVL_END,T,,$FLOAT@StdProgHealth($POD_CLVL_END)#,$MINASTIRITH_HEALTH_START,$MINASTIRITH_HEALTH_END,$MINASTIRITH_CLVL_START,$MINASTIRITH_CLVL_END,P,,
,,,$MORDOR_CLVL_END,T,,$FLOAT@StdProgHealth($MINASTIRITH_CLVL_END)#,$MORDOR_HEALTH_START,$MORDOR_HEALTH_END,$MORDOR_CLVL_START,$MORDOR_CLVL_END,P,,
,,,$DRAGONS_CLVL_END,T,,$FLOAT@StdProgHealth($MORDOR_CLVL_END)#,$DRAGONS_HEALTH_START,$DRAGONS_HEALTH_END,$DRAGONS_CLVL_START,$DRAGONS_CLVL_END,P,,
,,,$MINASMORGUL_CLVL_END,T,,$FLOAT@StdProgHealth($DRAGONS_CLVL_END)#,$MINASMORGUL_HEALTH_START,$MINASMORGUL_HEALTH_END,$MINASMORGUL_CLVL_START,$MINASMORGUL_CLVL_END,P,,
,,,$GUNDABAD_CLVL_END,T,,$FLOAT@StdProgHealth($MINASMORGUL_CLVL_END)#,$GUNDABAD_HEALTH_START,$GUNDABAD_HEALTH_END,$GUNDABAD_CLVL_START,$GUNDABAD_CLVL_END,P,,
,,,$UMBAR_CLVL_END,T,,$FLOAT@StdProgHealth($GUNDABAD_CLVL_END)#,$UMBAR_HEALTH_START,$UMBAR_HEALTH_END,$UMBAR_CLVL_START,$UMBAR_CLVL_END,P,,
,,,$HARAD_CLVL_END,T,,$FLOAT@StdProgHealth($UMBAR_CLVL_END)#,$HARAD_HEALTH_START,$HARAD_HEALTH_END,$HARAD_CLVL_START,$HARAD_CLVL_END,P,,
,,,,T,,$FLOAT@StdProgHealth($HARAD_CLVL_END)#,$FUTURE_HEALTH_START,$FUTURE_HEALTH_END,$FUTURE_CLVL_START,$FUTURE_CLVL_END,P,,
STDPROGRATINGS,S,,0,C,,0.0,,,,,,3,"Standard Progression Percentage Ratings: L=character level, N=base value"
,,,$ANGMAR_CLVL_END,T,,$N,$ANGMAR_RATINGS_START,$ANGMAR_RATINGS_END,$ANGMAR_CLVL_START,$ANGMAR_CLVL_END,P,,
,,,$MORIA_CLVL_END,T,,$FLOAT@StdProgRatings($ANGMAR_CLVL_END)#,$MORIA_RATINGS_START,$MORIA_RATINGS_END,$MORIA_CLVL_START,$MORIA_CLVL_END,P,,
,,,$MIRKWOOD_CLVL_END,T,,$FLOAT@StdProgRatings($MORIA_CLVL_END)#,$MIRKWOOD_RATINGS_START,$MIRKWOOD_RATINGS_END,$MIRKWOOD_CLVL_START,$MIRKWOOD_CLVL_END,P,,
,,,$ISENGARD_CLVL_END,T,,$FLOAT@StdProgRatings($MIRKWOOD_CLVL_END)#,$ISENGARD_RATINGS_START,$ISENGARD_RATINGS_END,$ISENGARD_CLVL_START,$ISENGARD_CLVL_END,P,,
,,,$ROR_CLVL_END,T,,$FLOAT@StdProgRatings($ISENGARD_CLVL_END)#,$ROR_RATINGS_START,$ROR_RATINGS_END,$ROR_CLVL_START,$ROR_CLVL_END,P,,
,,,$HELMSDEEP_CLVL_END,T,,$FLOAT@StdProgRatings($ROR_CLVL_END)#,$HELMSDEEP_RATINGS_START,$HELMSDEEP_RATINGS_END,$HELMSDEEP_CLVL_START,$HELMSDEEP_CLVL_END,P,,
,,,$POD_CLVL_END,T,,$FLOAT@StdProgRatings($HELMSDEEP_CLVL_END)#,$POD_RATINGS_START,$POD_RATINGS_END,$POD_CLVL_START,$POD_CLVL_END,P,,
,,,$MINASTIRITH_CLVL_END,T,,$FLOAT@StdProgRatings($POD_CLVL_END)#,$MINASTIRITH_RATINGS_START,$MINASTIRITH_RATINGS_END,$MINASTIRITH_CLVL_START,$MINASTIRITH_CLVL_END,P,,
,,,$MORDOR_CLVL_END,T,,$FLOAT@StdProgRatings($MINASTIRITH_CLVL_END)#,$MORDOR_RATINGS_START,$MORDOR_RATINGS_END,$MORDOR_CLVL_START,$MORDOR_CLVL_END,P,,
,,,$DRAGONS_CLVL_END,T,,$FLOAT@StdProgRatings($MORDOR_CLVL_END)#,$DRAGONS_RATINGS_START,$DRAGONS_RATINGS_END,$DRAGONS_CLVL_START,$DRAGONS_CLVL_END,P,,
,,,$MINASMORGUL_CLVL_END,T,,$FLOAT@StdProgRatings($DRAGONS_CLVL_END)#,$MINASMORGUL_RATINGS_START,$MINASMORGUL_RATINGS_END,$MINASMORGUL_CLVL_START,$MINASMORGUL_CLVL_END,P,,
,,,$GUNDABAD_CLVL_END,T,,$FLOAT@StdProgRatings($MINASMORGUL_CLVL_END)#,$GUNDABAD_RATINGS_START,$GUNDABAD_RATINGS_END,$GUNDABAD_CLVL_START,$GUNDABAD_CLVL_END,P,,
,,,$UMBAR_CLVL_END,T,,$FLOAT@StdProgRatings($GUNDABAD_CLVL_END)#,$UMBAR_RATINGS_START,$UMBAR_RATINGS_END,$UMBAR_CLVL_START,$UMBAR_CLVL_END,P,,
,,,$HARAD_CLVL_END,T,,$FLOAT@StdProgRatings($UMBAR_CLVL_END)#,$HARAD_RATINGS_START,$HARAD_RATINGS_END,$HARAD_CLVL_START,$HARAD_CLVL_END,P,,
,,,,T,,$FLOAT@StdProgRatings($HARAD_CLVL_END)#,$FUTURE_RATINGS_START,$FUTURE_RATINGS_END,$FUTURE_CLVL_START,$FUTURE_CLVL_END,P,,
STDPROGRATINGSOLD,S,$HARAD_CLVL_START,$HARAD_CLVL_END,T,,$FLOAT@StdProgRatings($UMBAR_CLVL_END)#,1,$HARAD_RATINGS_END,$HARAD_CLVL_START,$HARAD_CLVL_END,P,1,"Old Standard Progression Percentage Ratings, without step up at cLvl151: L=character level, N=base value"
,,,,A,,@StdProgRatings#,,,,,,,
STOUTAXERDPSVONENAME,S,,,A,,!Unwritten Destiny!,,,,,,,Stout-axe Racial Passive Trait One: L=character level
STOUTAXERDPSVONEVITALITY,S,,,A,,@StoutUnwritDestVitality,,,,,,,Stout-axe Racial Passive Trait One: L=character level
STOUTAXERDPSVTWONAME,S,,,A,,!!,,,,,,,Stout-axe Racial Passive Trait Two: L=character level
STOUTAXERDTRAITAGILITY,S,,,A,,@StoutWrBlackLAgility,,,,,,1,Stout-axe Racial Characteristic passive stat cumulative
STOUTAXERDTRAITDISEASERESISTP,S,,,A,,@StoutWrBlackLDiseaseResistP,,,,,,1,Stout-axe Racial Characteristic passive stat cumulative
STOUTAXERDTRAITFATE,S,,,A,,@StoutDoomDrasaFate,,,,,,1,Stout-axe Racial Characteristic passive stat cumulative
STOUTAXERDTRAITMIGHT,S,,,A,,@StoutWrBlackLMight,,,,,,1,Stout-axe Racial Characteristic passive stat cumulative
STOUTAXERDTRAITPHYMITP,S,,,A,,@StoutUnyieldingPhyMitP,,,,,,1,Stout-axe Racial Characteristic passive stat cumulative
STOUTAXERDTRAITSHADOWMITP,S,,,A,,@StoutWrBlackLShadowMitP,,,,,,1,Stout-axe Racial Characteristic passive stat cumulative
STOUTAXERDTRAITVITALITY,S,,,A,,@StoutShadowEyeVitality,,,,,,1,Stout-axe Racial Characteristic passive stat cumulative
STOUTAXERDTRAITWILL,S,,,A,,@StoutUnyieldingWill,,,,,,1,Stout-axe Racial Characteristic passive stat cumulative
STOUTDOOMDRASAFATE,S,,,A,,-$FLOAT@FateT#0.4,,,,,,1,Stout-axe Racial Characteristic passive trait
STOUTSHADOWEYEVITALITY,S,,,A,,-$FLOAT@VitalityT#0.4,,,,,,1,Stout-axe Racial Characteristic passive trait
STOUTUNWRITDESTVITALITY,S,,,A,,@VitalityT#1.0,,,,,,,Stout-axe Racial Passive Trait: L=character level
STOUTUNYIELDINGPHYMITP,S,,,C,,1.0,,,,,,1,Stout-axe Racial Characteristic passive trait
STOUTUNYIELDINGWILL,S,,,A,,@WillT#1.0,,,,,,1,Stout-axe Racial Characteristic passive trait
STOUTWRBLACKLAGILITY,S,,,A,,@AgilityT#1.0,,,,,,1,Stout-axe Racial Characteristic passive trait
STOUTWRBLACKLDISEASERESISTP,S,,,C,,1.0,,,,,,1,Stout-axe Racial Characteristic passive trait
STOUTWRBLACKLMIGHT,S,,,A,,@MightT#1.0,,,,,,1,Stout-axe Racial Characteristic passive trait
STOUTWRBLACKLSHADOWMITP,S,,,C,,1.0,,,,,,1,Stout-axe Racial Characteristic passive trait
TACDMGPBONUS,S,,,A,,@OutDmgPBonus,,,,,,1,"Tactical Damage, Percentage Bonus"
TACDMGPPRAT,S,,,A,,@OutDmgPPRat#,,,,,,1,"Tactical Damage, Percentage Rating: N=percentage"
TACDMGPRATP,S,,,A,,@OutDmgPRatP#,,,,,,1,"Tactical Damage, Rating Percentage: N=rating"
TACDMGPRATPA,S,,,A,,@OutDmgPRatPA,,,,,,1,"Tactical Damage, Rating Percentage A"
TACDMGPRATPB,S,,,A,,@OutDmgPRatPB,,,,,,1,"Tactical Damage, Rating Percentage B-rating"
TACDMGPRATPC,S,,,A,,@OutDmgPRatPC,,,,,,1,"Tactical Damage, Rating Percentage C (curve constant)"
TACDMGPRATPCAP,S,,,A,,@OutDmgPRatPCap,,,,,,1,"Tactical Damage, Rating Percentage Cap"
TACDMGPRATPCAPR,S,,,A,,@OutDmgPRatPCapR,,,,,,1,"Tactical Damage, Rating Percentage Cap Rating"
TACMAS,S,,,A,,@Mastery#,,,,,,2,Main Tactical Mastery on items calculation
TACMASC,S,,,A,,@MasteryC#,,,,,,,"Creep Traits/Effects stat: L=cLvl, N=pts"
TACMASCI,S,,,A,,@MasteryCI#,,,,,,,"Creep Item stat: L=iLvl, N=pts"
TACMASOLD,S,,,A,,@Mastery#,,,,,,2,Main Tactical Mastery on items calculation
TACMAST,S,,,A,,@MasteryT#,,,,,,2,Main Tactical Mastery in traits/effects calculation
TACMIT,S,,,S,E,PntMPTacMit,ItemPntS,MitMediumPRatPB,AdjItemMit,,L,2,Main Tactical Mitigation on items calculation
TACMITC,S,,,S,,,CreepTraitPntS,CreepTraitProgB,,$FLOAT@TacMitCI($INT@TacMitCILvlFilter#)#,L,,"Creep Traits/Effects stat: L=cLvl, N=pts"
TACMITCI,S,,,S,L,PntMPTacMitC,ItemPntS,MitMediumPRatPB,AdjCreepMit,,,,"Creep Item stat: L=iLvl, N=pts"
TACMITCILVLFILTER,S,,,V,,0.0,$CREEPILVLCURR,,,,,,Creep iLvl point filter (returns iLvl based on pts): N=pts
TACMITHPBONUS,S,,,A,,@MitHeavyPBonus,,,,,,1,"Heavy Class Tactical Mitigation, Percentage Bonus"
TACMITHPPRAT,S,,,A,,@MitHeavyPPRat#,,,,,,1,"Heavy Class Tactical Mitigation, Percentage Rating: N=percentage"
TACMITHPRATP,S,,,A,,@MitHeavyPRatP#,,,,,,1,"Heavy Class Tactical Mitigation, Rating Percentage: N=rating"
TACMITHPRATPA,S,,,A,,@MitHeavyPRatPA,,,,,,1,"Heavy Class Tactical Mitigation, Rating Percentage A"
TACMITHPRATPB,S,,,A,,@MitHeavyPRatPB,,,,,,1,"Heavy Class Tactical Mitigation, Rating Percentage B-rating"
TACMITHPRATPC,S,,,A,,@MitHeavyPRatPC,,,,,,1,"Heavy Class Tactical Mitigation, Rating Percentage C (curve constant)"
TACMITHPRATPCAP,S,,,A,,@MitHeavyPRatPCap,,,,,,1,"Heavy Class Tactical Mitigation, Rating Percentage Cap"
TACMITHPRATPCAPR,S,,,A,,@MitHeavyPRatPCapR,,,,,,1,"Heavy Class Tactical Mitigation, Rating Percentage Cap Rating"
TACMITLPBONUS,S,,,A,,@MitLightPBonus,,,,,,1,"Light Class Tactical Mitigation, Percentage Bonus"
TACMITLPPRAT,S,,,A,,@MitLightPPRat#,,,,,,1,"Light Class Tactical Mitigation, Percentage Rating: N=percentage"
TACMITLPRATP,S,,,A,,@MitLightPRatP#,,,,,,1,"Light Class Tactical Mitigation, Rating Percentage: N=rating"
TACMITLPRATPA,S,,,A,,@MitLightPRatPA,,,,,,1,"Light Class Tactical Mitigation, Rating Percentage A"
TACMITLPRATPB,S,,,A,,@MitLightPRatPB,,,,,,1,"Light Class Tactical Mitigation, Rating Percentage B-rating"
TACMITLPRATPC,S,,,A,,@MitLightPRatPC,,,,,,1,"Light Class Tactical Mitigation, Rating Percentage C (curve constant)"
TACMITLPRATPCAP,S,,,A,,@MitLightPRatPCap,,,,,,1,"Light Class Tactical Mitigation, Rating Percentage Cap"
TACMITLPRATPCAPR,S,,,A,,@MitLightPRatPCapR,,,,,,1,"Light Class Tactical Mitigation, Rating Percentage Cap Rating"
TACMITMPBONUS,S,,,A,,@MitMediumPBonus,,,,,,1,"Medium Class Tactical Mitigation, Percentage Bonus"
TACMITMPPRAT,S,,,A,,@MitMediumPPRat#,,,,,,1,"Medium Class Tactical Mitigation, Percentage Rating: N=percentage"
TACMITMPRATP,S,,,A,,@MitMediumPRatP#,,,,,,1,"Medium Class Tactical Mitigation, Rating Percentage: N=rating"
TACMITMPRATPA,S,,,A,,@MitMediumPRatPA,,,,,,1,"Medium Class Tactical Mitigation, Rating Percentage A"
TACMITMPRATPB,S,,,A,,@MitMediumPRatPB,,,,,,1,"Medium Class Tactical Mitigation, Rating Percentage B-rating"
TACMITMPRATPC,S,,,A,,@MitMediumPRatPC,,,,,,1,"Medium Class Tactical Mitigation, Rating Percentage C (curve constant)"
TACMITMPRATPCAP,S,,,A,,@MitMediumPRatPCap,,,,,,1,"Medium Class Tactical Mitigation, Rating Percentage Cap"
TACMITMPRATPCAPR,S,,,A,,@MitMediumPRatPCapR,,,,,,1,"Medium Class Tactical Mitigation, Rating Percentage Cap Rating"
TACMITT,S,,,S,E,PntMPTacMit,TraitPntS,MitMediumPRatPB,AdjTraitMit,,L,2,Main Tactical Mitigation in traits/effects calculation
TACRESIST,S,,,A,,@ResistAdd#,,,,,,,Additional Tactical Resistance rating on items calculation
TACRESISTT,S,,,A,,@ResistAddT#,,,,,,2,Additional Tactical Resistance rating in traits/effects calculation
TOMEFATE,S,,,A,,@TomeFateDec($ROMAN_RANK),,,,,,,"Stat Tome vitality value: C=Roman numeral I, II, III, IV, etc"
TOMEFATEDEC,S,,,A,,$FLOAT@TomeTotalFateDec-$FLOAT@TomeTotalFateDec($L-1),,,,,,,Stat Tome vitality value: L=tome rank
TOMEMAIN,S,,,A,,@TomeMainDec($ROMAN_RANK),,,,,,,"Stat Tome main value: C=Roman numeral I, II, III, IV, etc"
TOMEMAINDEC,S,,,A,,$FLOAT@TomeTotalMainDec-$FLOAT@TomeTotalMainDec($L-1),,,,,,,Stat Tome main value: L=tome rank
TOMETOTALFATE,S,,,A,,@TomeTotalFateDec($ROMAN_RANK),,,,,,,"Stat Tome Total Fate: C=Roman numeral I, II, III, IV, etc"
TOMETOTALFATEDEC,S,,,A,,@FateT($INT@TomeTotalLevel)#2.0,,,,,,,Stat Tome Total Fate: L=tome rank
TOMETOTALLEVEL,S,1,23,D,,4|15|27|38|48|54|60|63|67|71|75|78|85|90|95|98|101|104|106|110|114|116|121,,,,,,,Stat Tome Total Level: L=tome rank
TOMETOTALMAIN,S,,,A,,@TomeTotalMainDec($ROMAN_RANK),,,,,,,"Stat Tome Total Main: C=Roman numeral I, II, III, IV, etc"
TOMETOTALMAINDEC,S,,,A,,@MainT($INT@TomeTotalLevel)#2.0,,,,,,,Stat Tome Total Main: L=tome rank
TOMETOTALVITALITY,S,,,A,,@TomeTotalVitalityDec($ROMAN_RANK),,,,,,,"Stat Tome Total Vitality: C=Roman numeral I, II, III, IV, etc"
TOMETOTALVITALITYDEC,S,,,A,,@VitalityT($INT@TomeTotalLevel)#2.0,,,,,,,Stat Tome Total Vitality: L=tome rank
TOMEVITALITY,S,,,A,,@TomeVitalityDec($ROMAN_RANK),,,,,,,"Stat Tome vitality value: C=Roman numeral I, II, III, IV, etc"
TOMEVITALITYDEC,S,,,A,,$FLOAT@TomeTotalVitalityDec-$FLOAT@TomeTotalVitalityDec($L-1),,,,,,,Stat Tome vitality value: L=tome rank
TPENARMOUR,S,,,A,,-$FLOAT@ArmourPenT#($FLOAT@TpenChoice($N)),,,,,,1,"Tiered Armour penetration: L=mob level, N=instance tier"
TPENBPE,S,,,A,,-$FLOAT@BPET#($FLOAT@TpenChoice($N)),,,,,,1,"Tiered BPE penetration: L=mob level, N=instance tier"
TPENCHOICE,S,1,,D,,0.5|1.0|2.0,,,,,,1,T1=points*0.5 T2=points*1 T3=points*2
TPENRESIST,S,,,A,,-$FLOAT@ResistT#($FLOAT@TpenChoice($N)*2.0),,,,,,1,"Tiered Resistance penetration: L=mob level, N=instance tier"
TRAIT123455CHOICE,S,1,6,D,,1.0|2.0|3.0|4.0|5.0|5.0,,,,,,2,Trait Stat Point Multiplier Choice: L=trait rank
TRAIT12345CHOICE,S,1,5,D,,1.0|2.0|3.0|4.0|5.0,,,,,,2,Trait Stat Point Multiplier Choice: L=trait rank
TRAIT1234CHOICE,S,1,4,D,,1.0|2.0|3.0|4.0,,,,,,2,Trait Stat Point Multiplier Choice: L=trait rank
TRAIT123CHOICE,S,1,3,D,,1.0|2.0|3.0,,,,,,2,Trait Stat Point Multiplier Choice: L=trait rank
TRAIT13510CHOICE,S,1,4,D,,1.0|3.0|5.0|10.0,,,,,,2,Trait Stat Point Multiplier Choice: L=trait rank
TRAIT234CHOICE,S,1,3,D,,2.0|3.0|4.0,,,,,,2,Trait Stat Point Multiplier Choice: L=trait rank
TRAIT357912CHOICE,S,1,5,D,,3.0|5.0|7.0|9.0|12.0,,,,,,2,Trait Stat Point Multiplier Choice: L=trait rank
TRAIT47101316CHOICE,S,1,5,D,,4.0|7.0|10.0|13.0|16.0,,,,,,2,Trait Stat Point Multiplier Choice: L=trait rank
TRAIT567810CHOICE,S,1,5,D,,5.0|6.0|7.0|8.0|10.0,,,,,,2,Trait Stat Point Multiplier Choice: L=trait rank
TRAIT58121620CHOICE,S,1,5,D,,5.0|8.0|12.0|16.0|20.0,,,,,,2,Trait Stat Point Multiplier Choice: L=trait rank
TRAITPNTS,S,,,G,,1|25|50|60|65|75|85|95|100|105|115|120|130|131|140|141|150|151|160,1|25|50|60|65|75|85|95|100|105|115|120|130|131|140|141|150|151|160,,,,,3,Traits/Effects Progression points scheme
TRAITPNTSVITAL,S,,,G,,1|25|50|60|65|75|85|95|100|105|115|120|130|140|141|150|151|160|161|170,1|25|50|60|65|75|85|95|100|105|115|120|130|140|141|150|151|160|161|170,,,,,3,Traits/Effects Progression points scheme for vital stats
VARMOUR,S,,,S,N0,PntMPArmourVirtues,ItemPntS,MitLightPRatPB,AdjItemMit,,L,,Virtue Armour stat. L=item level
VIRTCHARITYPHYMIT,S,,,A,,@VSPhyMitM,,,,,,,Virtue Definition Charity: L=virtue rank
VIRTCHARITYRESIST,S,,,A,,@VSResistH,,,,,,,Virtue Definition Charity: L=virtue rank
VIRTCHARITYVITALITY,S,,,A,,@VSVitalityL,,,,,,,Virtue Definition Charity: L=virtue rank
VIRTCHARITYVPMORALE,S,,,A,,@VSVPMorale,,,,,,,Virtue Definition Charity: L=virtue rank
VIRTCOMPASSIONARMOUR,S,,,A,,@VSArmourL,,,,,,,Virtue Definition Compassion: L=virtue rank
VIRTCOMPASSIONPHYMIT,S,,,A,,@VSPhyMitH,,,,,,,Virtue Definition Compassion: L=virtue rank
VIRTCOMPASSIONTACMIT,S,,,A,,@VSTacMitM,,,,,,,Virtue Definition Compassion: L=virtue rank
VIRTCOMPASSIONVPMORALE,S,,,A,,@VSVPMorale,,,,,,,Virtue Definition Compassion: L=virtue rank
VIRTCONFIDENCECRITHIT,S,,,A,,@VSCritHitH,,,,,,,Virtue Definition Confidence: L=virtue rank
VIRTCONFIDENCEEVADE,S,,,A,,@VSEvadeL,,,,,,,Virtue Definition Confidence: L=virtue rank
VIRTCONFIDENCEFINESSE,S,,,A,,@VSFinesseM,,,,,,,Virtue Definition Confidence: L=virtue rank
VIRTCONFIDENCEVPPHYMAS,S,,,A,,@VSVPPhyMas,,,,,,,Virtue Definition Confidence: L=virtue rank
VIRTCONFIDENCEVPTACMAS,S,,,A,,@VSVPTacMas,,,,,,,Virtue Definition Confidence: L=virtue rank
VIRTDETERMINATIONAGILITY,S,,,A,,@VSAgilityH,,,,,,,Virtue Definition Determination: L=virtue rank
VIRTDETERMINATIONCRITHIT,S,,,A,,@VSCritHitL,,,,,,,Virtue Definition Determination: L=virtue rank
VIRTDETERMINATIONPHYMAS,S,,,A,,@VSPhyMasM,,,,,,,Virtue Definition Determination: L=virtue rank
VIRTDETERMINATIONVPPHYMAS,S,,,A,,@VSVPPhyMas,,,,,,,Virtue Definition Determination: L=virtue rank
VIRTDETERMINATIONVPTACMAS,S,,,A,,@VSVPTacMas,,,,,,,Virtue Definition Determination: L=virtue rank
VIRTDISCIPLINEINHEAL,S,,,A,,@VSInHealM,,,,,,,Virtue Definition Discipline: L=virtue rank
VIRTDISCIPLINEPHYMIT,S,,,A,,@VSPhyMitL,,,,,,,Virtue Definition Discipline: L=virtue rank
VIRTDISCIPLINERESIST,S,,,A,,@VSResistH,,,,,,,Virtue Definition Discipline: L=virtue rank
VIRTDISCIPLINEVPMORALE,S,,,A,,@VSVPMorale,,,,,,,Virtue Definition Discipline: L=virtue rank
VIRTEMPATHYARMOUR,S,,,A,,@VSArmourH,,,,,,,Virtue Definition Empathy: L=virtue rank
VIRTEMPATHYCRITDEF,S,,,A,,@VSCritDefM,,,,,,,Virtue Definition Empathy: L=virtue rank
VIRTEMPATHYRESIST,S,,,A,,@VSResistL,,,,,,,Virtue Definition Empathy: L=virtue rank
VIRTEMPATHYVPMORALE,S,,,A,,@VSVPMorale,,,,,,,Virtue Definition Empathy: L=virtue rank
VIRTFIDELITYPHYMIT,S,,,A,,@VSPhyMitL,,,,,,,Virtue Definition Fidelity: L=virtue rank
VIRTFIDELITYTACMIT,S,,,A,,@VSTacMitH,,,,,,,Virtue Definition Fidelity: L=virtue rank
VIRTFIDELITYVITALITY,S,,,A,,@VSVitalityM,,,,,,,Virtue Definition Fidelity: L=virtue rank
VIRTFIDELITYVPMORALE,S,,,A,,@VSVPMorale,,,,,,,Virtue Definition Fidelity: L=virtue rank
VIRTFORTITUDECRITDEF,S,,,A,,@VSCritDefM,,,,,,,Virtue Definition Fortitude: L=virtue rank
VIRTFORTITUDEMORALE,S,,,A,,@VSMoraleH,,,,,,,Virtue Definition Fortitude: L=virtue rank
VIRTFORTITUDERESIST,S,,,A,,@VSResistL,,,,,,,Virtue Definition Fortitude: L=virtue rank
VIRTFORTITUDEVPMORALE,S,,,A,,@VSVPMorale,,,,,,,Virtue Definition Fortitude: L=virtue rank
VIRTHONESTYCRITHIT,S,,,A,,@VSCritHitL,,,,,,,Virtue Definition Honesty: L=virtue rank
VIRTHONESTYTACMAS,S,,,A,,@VSTacMasH,,,,,,,Virtue Definition Honesty: L=virtue rank
VIRTHONESTYVPPHYMAS,S,,,A,,@VSVPPhyMas,,,,,,,Virtue Definition Honesty: L=virtue rank
VIRTHONESTYVPTACMAS,S,,,A,,@VSVPTacMas,,,,,,,Virtue Definition Honesty: L=virtue rank
VIRTHONESTYWILL,S,,,A,,@VSWillM,,,,,,,Virtue Definition Honesty: L=virtue rank
VIRTHONOURCRITDEF,S,,,A,,@VSCritDefL,,,,,,,Virtue Definition Honour: L=virtue rank
VIRTHONOURMORALE,S,,,A,,@VSMoraleH,,,,,,,Virtue Definition Honour: L=virtue rank
VIRTHONOURTACMIT,S,,,A,,@VSTacMitM,,,,,,,Virtue Definition Honour: L=virtue rank
VIRTHONOURVPMORALE,S,,,A,,@VSVPMorale,,,,,,,Virtue Definition Honour: L=virtue rank
VIRTIDEALISMFATE,S,,,A,,@VSFateH,,,,,,,Virtue Definition Idealism: L=virtue rank
VIRTIDEALISMINHEAL,S,,,A,,@VSInHealM,,,,,,,Virtue Definition Idealism: L=virtue rank
VIRTIDEALISMMORALE,S,,,A,,@VSMoraleL,,,,,,,Virtue Definition Idealism: L=virtue rank
VIRTIDEALISMVPMORALE,S,,,A,,@VSVPMorale,,,,,,,Virtue Definition Idealism: L=virtue rank
VIRTINNOCENCEPHYMIT,S,,,A,,@VSPhyMitH,,,,,,,Virtue Definition Innocence: L=virtue rank
VIRTINNOCENCERESIST,S,,,A,,@VSResistM,,,,,,,Virtue Definition Innocence: L=virtue rank
VIRTINNOCENCETACMIT,S,,,A,,@VSTacMitL,,,,,,,Virtue Definition Innocence: L=virtue rank
VIRTINNOCENCEVPMORALE,S,,,A,,@VSVPMorale,,,,,,,Virtue Definition Innocence: L=virtue rank
VIRTJUSTICEICMR,S,,,A,,@VSICMRH,,,,,,,Virtue Definition Justice: L=virtue rank
VIRTJUSTICEMORALE,S,,,A,,@VSMoraleM,,,,,,,Virtue Definition Justice: L=virtue rank
VIRTJUSTICETACMIT,S,,,A,,@VSTacMitL,,,,,,,Virtue Definition Justice: L=virtue rank
VIRTJUSTICEVPMORALE,S,,,A,,@VSVPMorale,,,,,,,Virtue Definition Justice: L=virtue rank
VIRTLOYALTYARMOUR,S,,,A,,@VSArmourM,,,,,,,Virtue Definition Loyalty: L=virtue rank
VIRTLOYALTYINHEAL,S,,,A,,@VSInHealL,,,,,,,Virtue Definition Loyalty: L=virtue rank
VIRTLOYALTYVITALITY,S,,,A,,@VSVitalityH,,,,,,,Virtue Definition Loyalty: L=virtue rank
VIRTLOYALTYVPMORALE,S,,,A,,@VSVPMorale,,,,,,,Virtue Definition Loyalty: L=virtue rank
VIRTMERCYEVADE,S,,,A,,@VSEvadeH,,,,,,,Virtue Definition Mercy: L=virtue rank
VIRTMERCYFATE,S,,,A,,@VSFateM,,,,,,,Virtue Definition Mercy: L=virtue rank
VIRTMERCYVITALITY,S,,,A,,@VSVitalityL,,,,,,,Virtue Definition Mercy: L=virtue rank
VIRTMERCYVPMORALE,S,,,A,,@VSVPMorale,,,,,,,Virtue Definition Mercy: L=virtue rank
VIRTPATIENCECRITHIT,S,,,A,,@VSCritHitL,,,,,,,Virtue Definition Patience: L=virtue rank
VIRTPATIENCEEVADE,S,,,A,,@VSEvadeM,,,,,,,Virtue Definition Patience: L=virtue rank
VIRTPATIENCEPOWER,S,,,A,,@VSPowerH,,,,,,,Virtue Definition Patience: L=virtue rank
VIRTPATIENCEVPMORALE,S,,,A,,@VSVPMorale,,,,,,,Virtue Definition Patience: L=virtue rank
VIRTRNKCOST,S,,0,C,,0,,,,,,,Virtue Rank Cost – single rank: L=virtue rank
,,,10,C,,1000,,,,,,,
,,,60,L,N-2D,18.0,878.0,,,,,,
,,,73,L,N-2D,18.75,878.0,,,,,,
,,,90,L,N-2D,17.45,878.0,,,,,,
,,,,C,,2500,,,,,,,
VIRTRNKCOSTTOT,S,,0,C,,0,,,,,,,Virtue Rank Cost – all ranks: L=virtue rank
,,1,,A,,$INT@VirtRnkCostTot($L-1)+$INT@VirtRnkCost,,,,,,,Virtue Rank Cost – all ranks: L=virtue rank
VIRTTOLERANCEPHYMIT,S,,,A,,@VSPhyMitL,,,,,,,Virtue Definition lerance: L=virtue rank
VIRTTOLERANCERESIST,S,,,A,,@VSResistM,,,,,,,Virtue Definition lerance: L=virtue rank
VIRTTOLERANCETACMIT,S,,,A,,@VSTacMitH,,,,,,,Virtue Definition lerance: L=virtue rank
VIRTTOLERANCEVPMORALE,S,,,A,,@VSVPMorale,,,,,,,Virtue Definition lerance: L=virtue rank
VIRTVALOURCRITHIT,S,,,A,,@VSCritHitL,,,,,,,Virtue Definition Valour: L=virtue rank
VIRTVALOURFINESSE,S,,,A,,@VSFinesseM,,,,,,,Virtue Definition Valour: L=virtue rank
VIRTVALOURPHYMAS,S,,,A,,@VSPhyMasH,,,,,,,Virtue Definition Valour: L=virtue rank
VIRTVALOURVPPHYMAS,S,,,A,,@VSVPPhyMas,,,,,,,Virtue Definition Valour: L=virtue rank
VIRTVALOURVPTACMAS,S,,,A,,@VSVPTacMas,,,,,,,Virtue Definition Valour: L=virtue rank
VIRTWISDOMFINESSE,S,,,A,,@VSFinesseL,,,,,,,Virtue Definition Wisdom: L=virtue rank
VIRTWISDOMTACMAS,S,,,A,,@VSTacMasM,,,,,,,Virtue Definition Wisdom: L=virtue rank
VIRTWISDOMVPPHYMAS,S,,,A,,@VSVPPhyMas,,,,,,,Virtue Definition Wisdom: L=virtue rank
VIRTWISDOMVPTACMAS,S,,,A,,@VSVPTacMas,,,,,,,Virtue Definition Wisdom: L=virtue rank
VIRTWISDOMWILL,S,,,A,,@VSWillH,,,,,,,Virtue Definition Wisdom: L=virtue rank
VIRTWITCRITHIT,S,,,A,,@VSCritHitM,,,,,,,Virtue Definition Wit: L=virtue rank
VIRTWITFINESSE,S,,,A,,@VSFinesseH,,,,,,,Virtue Definition Wit: L=virtue rank
VIRTWITPHYMAS,S,,,A,,@VSPhyMasL,,,,,,,Virtue Definition Wit: L=virtue rank
VIRTWITTACMAS,S,,,A,,@VSTacMasL,,,,,,,Virtue Definition Wit: L=virtue rank
VIRTWITVPPHYMAS,S,,,A,,@VSVPPhyMas,,,,,,,Virtue Definition Wit: L=virtue rank
VIRTWITVPTACMAS,S,,,A,,@VSVPTacMas,,,,,,,Virtue Definition Wit: L=virtue rank
VIRTZEALCRITHIT,S,,,A,,@VSCritHitL,,,,,,,Virtue Definition Zeal: L=virtue rank
VIRTZEALMIGHT,S,,,A,,@VSMightH,,,,,,,Virtue Definition Zeal: L=virtue rank
VIRTZEALPHYMAS,S,,,A,,@VSPhyMasM,,,,,,,Virtue Definition Zeal: L=virtue rank
VIRTZEALVPPHYMAS,S,,,A,,@VSVPPhyMas,,,,,,,Virtue Definition Zeal: L=virtue rank
VIRTZEALVPTACMAS,S,,,A,,@VSVPTacMas,,,,,,,Virtue Definition Zeal: L=virtue rank
VITALITY,S,,,S,D0,PntMPVitality,ItemPntSVital,ProgBHealth,AdjItemHealth,,L,,"Main Item Vitality calculation: L=item level, N=points"
VITALITYC,S,,,S,,,CreepTraitPntS,CreepTraitProgB,,$FLOAT@VitalityCI($INT@VitalityCILvlFilter#)#,L,,"Creep Traits/Effects stat: L=cLvl, N=pts"
VITALITYCI,S,,,S,L,PntMPVitalityC,ItemPntSVital,ProgBHealth,AdjCreepHealth,,,,"Creep Item stat: L=iLvl, N=pts"
VITALITYCILVLFILTER,S,,,V,,0,$CREEPILVLCURR,,,,,,Creep iLvl point filter (returns iLvl based on pts): N=pts
VITALITYT,S,,,S,D0,PntMPVitalityT,TraitPntSVital,ProgBHealth,AdjTraitHealth,,L,3,Main Vitality stat in traits/effects calculation
VMASTERY,S,,,S,E,PntMPMastery,ItemPntSVirtueMastery,OutDmgPRatPB,AdjVirtueMas,,L,,"Main Virtue Mastery calculation: L=item level, N=points"
VMASTERYOLD,S,,,A,,@VMastery#,,,,,,,"Main Virtue Mastery calculation: L=item level, N=points"
VMHIGH,S,1,,A,,CalcStat($C|$INT@VRnkToILvl|2.0),,,,,,,Virtue Stat High
VMLOW,S,1,,A,,CalcStat($C|$INT@VRnkToILvl|0.6),,,,,,,Virtue Stat Low
VMMASTERYPSV,S,1,,A,,@VMastery($INT@VRnkToILvl)#0.2,,,,,,,Virtue Stat Mastery Passive
VMMEDIUM,S,1,,A,,CalcStat($C|$INT@VRnkToILvl|1.0),,,,,,,Virtue Stat Medium
VMMORALEPSV,S,1,,A,,@VPsvMorale($INT@VRnkToILvl)#0.3,,,,,,,Virtue Stat Morale Passive
VMORALE,S,,,S,E,PntMPMoraleVirtues,ItemPntSVirtueMorale,ProgBHealth,AdjVirtueMorale,,L,,"Main Virtue Morale calculation: L=item level, N=points"
VPSVMORALE,S,,,S,E,PntMPMoraleVirtues,ItemPntSVirtueMorale,ProgBHealth,VPsvMoraleAdj,,L,,"Virtue Passive Morale calculation: L=item level, N=points"
VPSVMORALEADJ,S,550,599,C,,1.39/1.5,,,,,,,
,,600,649,C,,1.35/1.5,,,,,,,
,,,,A,,@AdjVirtueMorale,,,,,,,
VRNKCAP,S,,,C,,100,,,,,,,Virtue Rank Cap overall
VRNKLVLCAP,S,,4,C,,2.0,,,,,,,Virtue Rank Cap by Level: L=character level
,,,110,A,D0,$L/2.0,,,,,,,
,,,139,L,,1.0,-55.0,,,,,,
,,,140,L,,1.0,-54.0,,,,,,
,,,149,L,,1.0,-53.0,,,,,,
,,,150,L,,1.0,-52.0,,,,,,
,,,159,T,N0,1.0,97.6,105.0,151,159,,,
,,,,C,,108.0,,,,,,,
VRNKTOILVL,S,1,160,I,N,1|38|48|49|50|51|52|53|55|68|160,4|78|178|190|210|222|236|260|292|396|856,,,,,,Virtue Rank to Item Level mapping
VSAGILITYH,S,,,A,,@VMHigh#(!Agility!),,,,,,,Virtue Stat Agility High: L=virtue rank
VSAGILITYL,S,,,A,,@VMLow#(!Agility!),,,,,,,Virtue Stat Agility Low: L=virtue rank
VSAGILITYM,S,,,A,,@VMMedium#(!Agility!),,,,,,,Virtue Stat Agility Medium: L=virtue rank
VSARMOURH,S,,,A,,@VMHigh#(!Varmour!),,,,,,,Virtue Stat Armour High: L=virtue rank
VSARMOURL,S,,,A,,@VMLow#(!Varmour!),,,,,,,Virtue Stat Armour High: L=virtue rank
VSARMOURM,S,,,A,,@VMMedium#(!Varmour!),,,,,,,Virtue Stat Armour High: L=virtue rank
VSCRITDEFH,S,,,A,,@VMHigh#(!CritDef!),,,,,,,Virtue Stat CritDef High: L=virtue rank
VSCRITDEFL,S,,,A,,@VMLow#(!CritDef!),,,,,,,Virtue Stat CritDef Low: L=virtue rank
VSCRITDEFM,S,,,A,,@VMMedium#(!CritDef!),,,,,,,Virtue Stat CritDef Medium: L=virtue rank
VSCRITHITH,S,,,A,,@VMHigh#(!CritHit!),,,,,,,Virtue Stat CritHit High: L=virtue rank
VSCRITHITL,S,,,A,,@VMLow#(!CritHit!),,,,,,,Virtue Stat CritHit Low: L=virtue rank
VSCRITHITM,S,,,A,,@VMMedium#(!CritHit!),,,,,,,Virtue Stat CritHit Medium: L=virtue rank
VSEVADEH,S,,,A,,@VMHigh#(!Evade!),,,,,,,Virtue Stat Evade High: L=virtue rank
VSEVADEL,S,,,A,,@VMLow#(!Evade!),,,,,,,Virtue Stat Evade Low: L=virtue rank
VSEVADEM,S,,,A,,@VMMedium#(!Evade!),,,,,,,Virtue Stat Evade Medium: L=virtue rank
VSFATEH,S,,,A,,@VMHigh#(!Fate!),,,,,,,Virtue Stat Fate High: L=virtue rank
VSFATEL,S,,,A,,@VMLow#(!Fate!),,,,,,,Virtue Stat Fate Low: L=virtue rank
VSFATEM,S,,,A,,@VMMedium#(!Fate!),,,,,,,Virtue Stat Fate Medium: L=virtue rank
VSFINESSEH,S,,,A,,@VMHigh#(!Finesse!),,,,,,,Virtue Stat Finesse High: L=virtue rank
VSFINESSEL,S,,,A,,@VMLow#(!Finesse!),,,,,,,Virtue Stat Finesse Low: L=virtue rank
VSFINESSEM,S,,,A,,@VMMedium#(!Finesse!),,,,,,,Virtue Stat Finesse Medium: L=virtue rank
VSICMRH,S,,,A,,@VMHigh#(!ICMR!),,,,,,,Virtue Stat ICMR High: L=virtue rank
VSICMRL,S,,,A,,@VMLow#(!ICMR!),,,,,,,Virtue Stat ICMR Low: L=virtue rank
VSICMRM,S,,,A,,@VMMedium#(!ICMR!),,,,,,,Virtue Stat ICMR Medium: L=virtue rank
VSINHEALH,S,,,A,,@VMHigh#(!InHeal!),,,,,,,Virtue Stat InHeal High: L=virtue rank
VSINHEALL,S,,,A,,@VMLow#(!InHeal!),,,,,,,Virtue Stat InHeal Low: L=virtue rank
VSINHEALM,S,,,A,,@VMMedium#(!InHeal!),,,,,,,Virtue Stat InHeal Medium: L=virtue rank
VSMIGHTH,S,,,A,,@VMHigh#(!Might!),,,,,,,Virtue Stat Might High: L=virtue rank
VSMIGHTL,S,,,A,,@VMLow#(!Might!),,,,,,,Virtue Stat Might Low: L=virtue rank
VSMIGHTM,S,,,A,,@VMMedium#(!Might!),,,,,,,Virtue Stat Might Medium: L=virtue rank
VSMORALEH,S,,,A,,@VMHigh#(!VMorale!),,,,,,,Virtue Stat Morale High: L=virtue rank
VSMORALEL,S,,,A,,@VMLow#(!VMorale!),,,,,,,Virtue Stat Morale Low: L=virtue rank
VSMORALEM,S,,,A,,@VMMedium#(!VMorale!),,,,,,,Virtue Stat Morale Medium: L=virtue rank
VSPHYMASH,S,,,A,,@VMHigh#(!PhyMas!),,,,,,,Virtue Stat PhyMas High: L=virtue rank
VSPHYMASL,S,,,A,,@VMLow#(!PhyMas!),,,,,,,Virtue Stat PhyMas Low: L=virtue rank
VSPHYMASM,S,,,A,,@VMMedium#(!PhyMas!),,,,,,,Virtue Stat PhyMas Medium: L=virtue rank
VSPHYMITH,S,,,A,,@VMHigh#(!PhyMit!),,,,,,,Virtue Stat PhyMit High: L=virtue rank
VSPHYMITL,S,,,A,,@VMLow#(!PhyMit!),,,,,,,Virtue Stat PhyMit Low: L=virtue rank
VSPHYMITM,S,,,A,,@VMMedium#(!PhyMit!),,,,,,,Virtue Stat PhyMit Medium: L=virtue rank
VSPOWERH,S,,,A,,@VMHigh#(!Power!),,,,,,,Virtue Stat Power High: L=virtue rank
VSPOWERL,S,,,A,,@VMLow#(!Power!),,,,,,,Virtue Stat Power Low: L=virtue rank
VSPOWERM,S,,,A,,@VMMedium#(!Power!),,,,,,,Virtue Stat Power Medium: L=virtue rank
VSRESISTH,S,,,A,,@VMHigh#(!Resist!),,,,,,,Virtue Stat Resist High: L=virtue rank
VSRESISTL,S,,,A,,@VMLow#(!Resist!),,,,,,,Virtue Stat Resist Low: L=virtue rank
VSRESISTM,S,,,A,,@VMMedium#(!Resist!),,,,,,,Virtue Stat Resist Medium: L=virtue rank
VSTACMASH,S,,,A,,@VMHigh#(!TacMas!),,,,,,,Virtue Stat TacMas High: L=virtue rank
VSTACMASL,S,,,A,,@VMLow#(!TacMas!),,,,,,,Virtue Stat TacMas Low: L=virtue rank
VSTACMASM,S,,,A,,@VMMedium#(!TacMas!),,,,,,,Virtue Stat TacMas Medium: L=virtue rank
VSTACMITH,S,,,A,,@VMHigh#(!TacMit!),,,,,,,Virtue Stat TacMit High: L=virtue rank
VSTACMITL,S,,,A,,@VMLow#(!TacMit!),,,,,,,Virtue Stat TacMit Low: L=virtue rank
VSTACMITM,S,,,A,,@VMMedium#(!TacMit!),,,,,,,Virtue Stat TacMit Medium: L=virtue rank
VSVITALITYH,S,,,A,,@VMHigh#(!Vitality!),,,,,,,Virtue Stat Vitality High: L=virtue rank
VSVITALITYL,S,,,A,,@VMLow#(!Vitality!),,,,,,,Virtue Stat Vitality Low: L=virtue rank
VSVITALITYM,S,,,A,,@VMMedium#(!Vitality!),,,,,,,Virtue Stat Vitality Medium: L=virtue rank
VSVPMORALE,S,,,A,,@VMMoralePsv,,,,,,,Virtue Stat Virtue Passive Morale: L=virtue rank
VSVPPHYMAS,S,,,A,,@VMMasteryPsv,,,,,,,Virtue Stat Virtue Passive PhyMas: L=virtue rank
VSVPTACMAS,S,,,A,,@VMMasteryPsv,,,,,,,Virtue Stat Virtue Passive TacMas: L=virtue rank
VSWILLH,S,,,A,,@VMHigh#(!Will!),,,,,,,Virtue Stat Will High: L=virtue rank
VSWILLL,S,,,A,,@VMLow#(!Will!),,,,,,,Virtue Stat Will Low: L=virtue rank
VSWILLM,S,,,A,,@VMMedium#(!Will!),,,,,,,Virtue Stat Will Medium: L=virtue rank
WARDENCDAGILITYTOBLOCK,S,,,C,,2.0,,,,,,,Warden Agility stat contribution
WARDENCDAGILITYTOCRITHIT,S,,,C,,1.0,,,,,,,Warden Agility stat contribution
WARDENCDAGILITYTOOUTHEAL,S,,,C,,3.0,,,,,,,Warden Agility stat contribution
WARDENCDAGILITYTOPARRY,S,,,C,,1.0,,,,,,,Warden Agility stat contribution
WARDENCDAGILITYTOPHYMAS,S,,,C,,3.0,,,,,,,Warden Agility stat contribution
WARDENCDAGILITYTOPHYMIT,S,,,C,,1.0,,,,,,,Warden Agility stat contribution
WARDENCDAGILITYTOTACMIT,S,,,C,,1.0,,,,,,,Warden Agility stat contribution
WARDENCDARMOURTOCOMPHYMIT,S,,,C,,1.0,,,,,,,Warden Armour stat contribution
WARDENCDARMOURTONONPHYMIT,S,,,C,,0.2,,,,,,,Warden Armour stat contribution
WARDENCDARMOURTOTACMIT,S,,,C,,0.2,,,,,,,Warden Armour stat contribution
WARDENCDARMOURTYPE,S,,,C,,2,,,,,,1,"Class armour type: Light=1, Medium=2, Heavy=3"
WARDENCDBASEAGILITY,S,,,A,,@ClassBaseAgilityH,,,,,,1,Warden Class Base stats: L=character level
WARDENCDBASEFATE,S,,,A,,@ClassBaseFate,,,,,,1,Warden Class Base stats: L=character level
WARDENCDBASEICMR,S,,,A,,@ClassBaseICMRH,,,,,,1,Warden Class Base stats: L=character level
WARDENCDBASEICPR,S,,,A,,@ClassBaseICPR,,,,,,1,Warden Class Base stats: L=character level
WARDENCDBASEMIGHT,S,,,A,,@ClassBaseMightM,,,,,,1,Warden Class Base stats: L=character level
WARDENCDBASEMORALE,S,,,A,,@ClassBaseMorale,,,,,,1,Warden Class Base stats: L=character level
WARDENCDBASENCMR,S,,,A,,@ClassBaseNCMRH,,,,,,1,Warden Class Base stats: L=character level
WARDENCDBASENCPR,S,,,A,,@ClassBaseNCPR,,,,,,1,Warden Class Base stats: L=character level
WARDENCDBASEPOWER,S,,,A,,@ClassBasePower,,,,,,1,Warden Class Base stats: L=character level
WARDENCDBASEVITALITY,S,,,A,,@ClassBaseVitality,,,,,,1,Warden Class Base stats: L=character level
WARDENCDBASEWILL,S,,,A,,@ClassBaseWillL,,,,,,1,Warden Class Base stats: L=character level
WARDENCDCALCTYPECOMPHYMIT,S,,,C,,13,,,,,,1,"Class common/physical mitigation calculation type: Light=12, Medium=13, Heavy=14"
WARDENCDCALCTYPENONPHYMIT,S,,,C,,13,,,,,,1,"Class non-common/physical mitigation calculation type: Light=12, Medium=13, Heavy=14"
WARDENCDCALCTYPETACMIT,S,,,C,,26,,,,,,1,"Class tactical mitigation calculation type: Light=25, Medium=26, Heavy=27"
WARDENCDCANBLOCK,S,,,C,,1,,,,,,1,"Class can block? Yes=1, No=0"
WARDENCDFATETOICPR,S,,,C,,0.015,,,,,,,Warden Fate stat contribution
WARDENCDFATETONCPR,S,,,C,,0.15,,,,,,,Warden Fate stat contribution
WARDENCDFATETOPOWER,S,,,C,,1.5,,,,,,,Warden Fate stat contribution
WARDENCDHASPOWER,S,,,C,,1,,,,,,1,"Class has Power stat?: Yes=1, No=0"
WARDENCDMIGHTTOBLOCK,S,,,C,,1.0,,,,,,,Warden Might stat contribution
WARDENCDMIGHTTOCRITHIT,S,,,C,,1.5,,,,,,,Warden Might stat contribution
WARDENCDMIGHTTOFINESSE,S,,,C,,1.5,,,,,,,Warden Might stat contribution
WARDENCDMIGHTTOOUTHEAL,S,,,C,,2.0,,,,,,,Warden Might stat contribution
WARDENCDMIGHTTOPHYMAS,S,,,C,,2.0,,,,,,,Warden Might stat contribution
WARDENCDPHYMITTOCOMPHYMIT,S,,,C,,1.0,,,,,,,Warden PhyMit stat contribution
WARDENCDPHYMITTONONPHYMIT,S,,,C,,1.0,,,,,,,Warden PhyMit stat contribution
WARDENCDTACMASTOOUTHEAL,S,,,C,,1.0,,,,,,,Warden TacMas stat contribution
WARDENCDVITALITYTOICMR,S,,,C,,0.012,,,,,,,Warden Vitality stat contribution
WARDENCDVITALITYTOMORALE,S,,,C,,4.5,,,,,,,Warden Vitality stat contribution
WARDENCDVITALITYTONCMR,S,,,C,,0.12,,,,,,,Warden Vitality stat contribution
WARDENCDWILLTOFINESSE,S,,,C,,1.0,,,,,,,Warden Will stat contribution
WARDENCDWILLTOOUTHEAL,S,,,C,,1.0,,,,,,,Warden Will stat contribution
WARDENCDWILLTOPHYMAS,S,,,C,,1.0,,,,,,,Warden Will stat contribution
WARDENCDWILLTOPHYMIT,S,,,C,,1.5,,,,,,,Warden Will stat contribution
WARDENCDWILLTORESIST,S,,,C,,1.0,,,,,,,Warden Will stat contribution
WARDENCDWILLTOTACMIT,S,,,C,,1.5,,,,,,,Warden Will stat contribution
WARDINGLOREPHYMIT,S,,105,A,,@Mitigation#1.6,,,,,,,Scrolls of Warding Lore Physical Mitigation: L=ilvl
,,120|130,120|130,A,,@PhyMitT#1.6,,,,,,,
,,,,A,,@PhyMitT#1.2,,,,,,,
WARDINGLORETACMIT,S,,105,A,,@Mitigation#1.6,,,,,,,Scrolls of Warding Lore Tactical Mitigation: L=ilvl
,,120|130,120|130,A,,@TacMitT#1.6,,,,,,,
,,,,A,,@TacMitT#1.2,,,,,,,
WARLEADERCANBLOCK,S,,,C,,1,,,,,,1,"Class can block? Yes=1, No=0"
WARLEADERCDCALCTYPECOMPHYMIT,S,,,C,,14,,,,,,1,"Class common/physical mitigation calculation type: Light=12, Medium=13, Heavy=14"
WARLEADERCDCALCTYPENONPHYMIT,S,,,C,,14,,,,,,1,"Class non-common/physical mitigation calculation type: Light=12, Medium=13, Heavy=14"
WARLEADERCDCALCTYPETACMIT,S,,,C,,27,,,,,,1,"Class tactical mitigation calculation type: Light=25, Medium=26, Heavy=27"
WARLEADERCDHASPOWER,S,,,C,,1,,,,,,1,"Class has Power stat?: Yes=1, No=0"
WEAVERCANBLOCK,S,,,C,,1,,,,,,1,"Class can block? Yes=1, No=0"
WEAVERCDCALCTYPECOMPHYMIT,S,,,C,,13,,,,,,1,"Class common/physical mitigation calculation type: Light=12, Medium=13, Heavy=14"
WEAVERCDCALCTYPENONPHYMIT,S,,,C,,14,,,,,,1,"Class non-common/physical mitigation calculation type: Light=12, Medium=13, Heavy=14"
WEAVERCDCALCTYPETACMIT,S,,,C,,27,,,,,,1,"Class tactical mitigation calculation type: Light=25, Medium=26, Heavy=27"
WEAVERCDHASPOWER,S,,,C,,1,,,,,,1,"Class has Power stat?: Yes=1, No=0"
WESTERNESSEMIT,S,,,A,,@DmgTypeMit#,,,,,,,Main Westernesse Mitigation on items calculation
WESTERNESSEMITT,S,,,A,,@DmgTypeMitT#,,,,,,2,Main Westernesse Mitigation in traits/effects calculation
WILL,S,,,A,,@Main#,,,,,,,Main Will calculation
WILLC,S,,,A,,@MainC#,,,,,,,"Creep Traits/Effects stat: L=cLvl, N=pts"
WILLCI,S,,,A,,@MainCI#,,,,,,,"Creep Item stat: L=iLvl, N=pts"
WILLT,S,,,A,,@MainT#,,,,,,3,Main Trait Will calculation
WORTHEXT,S,,360,A,FN0,@StatC#($C),,,,,,,"Worth value extensions for higher levels: L=ilvl, C=statname"
,,,601,A,FN0,@StatC($L-1)#($C),,,,,,,
WORTHEXT4LIN,S,,501,A,,@WorthExt#($C),,,,,,,"Worth value extensions for higher levels: L=ilvl, C=statname"
,,,601,A,,$FLOAT@WorthExt501#($C)+($L-501)*4.0,,,,,,,
WORTHEXT8LIN,S,,501,A,,@WorthExt#($C),,,,,,,"Worth value extensions for higher levels: L=ilvl, C=statname"
,,,601,A,,$FLOAT@WorthExt501#($C)+($L-501)*8.0,,,,,,,
WORTHMPA,S,1,5,D,FE,1.0|1.1|1.15|1.2|1.3,,,,,,,Worth Quality Multiplier
WORTHMPB,S,1,5,D,FE,1.0|1.2|2.0|3.0|4.0,,,,,,,Worth Quality Multiplier
WORTHMPC,S,1,5,D,FE,1.0|1.0|1.0|1.0|1.0,,,,,,,Worth Quality Multiplier
WORTHMPD,S,1,5,D,FE,1.0|1.0|1.0|2.0|3.0,,,,,,,Worth Quality Multiplier
WORTHMPE,S,1,5,D,FE,1.0|1.1|1.15|1.2|1.25,,,,,,,Worth Quality Multiplier
WORTHMPF,S,1,5,D,FE,0.5|1.0|1.25|1.5|2.0,,,,,,,Worth Quality Multiplier
WORTHMPG,S,1,5,D,FE,1.0|2.0|3.0|4.0|5.0,,,,,,,Worth Quality Multiplier
WORTHMPH,S,1,5,D,FE,1.0|1.2|1.8|3.2|5.0,,,,,,,Worth Quality Multiplier
WORTHMPI,S,1,5,D,FE,1.0|2.0|2.5|3.0|10.0,,,,,,,Worth Quality Multiplier
WORTHMPJ,S,1,5,D,FE,1.0|1.0|1.0|1.0|5.0,,,,,,,Worth Quality Multiplier
WORTHMPK,S,1,5,D,FE,1.0|1.2|1.3|1.35|1.4,,,,,,,Worth Quality Multiplier
WORTHMPL,S,1,5,D,FE,2.0|2.0|2.0|2.0|2.0,,,,,,,Worth Quality Multiplier
WORTHTABA,S,,1,C,,1.0,,,,,,,Worth Base Table: L=ilvl
,,,,A,,@WorthTabAF,,,,,,,
WORTHTABAA,S,,,A,,$FLOAT@WorthTabD+20.0,,,,,,,Worth Base Table: L=ilvl
WORTHTABAB,S,,,L,,7.0,50.0,,,,,,Worth Base Table: L=ilvl
WORTHTABAC,S,,,A,,$FLOAT@WorthTabE-30.0,,,,,,,Worth Base Table: L=ilvl
WORTHTABAD,S,,,L,,7.0,100.0,,,,,,Worth Base Table: L=ilvl
WORTHTABAE,S,,,A,,@WorthTabE,,,,,,,Worth Base Table: L=ilvl
WORTHTABAF,S,,49,L,,2.5,,,,,,,Worth Base Table: L=ilvl
,,,,L,,3.0,-25.0,,,,,,
WORTHTABAG,S,,,A,,$FLOAT@WorthTabAF+25.0,,,,,,,Worth Base Table: L=ilvl
WORTHTABAH,S,,49,A,,$FLOAT@WorthTabALBase($L+7)-66.0,,,,,,,Worth Base Table: L=ilvl
,,,,L,,9.0,72.0,,,,,,
WORTHTABAI,S,,16,L,,10.73,54.3,,,,,,Worth Base Table: L=ilvl
,,,34,L,,10.735,54.0,,,,,,
,,,35,C,,429.0,,,,,,,
,,,41,L,,10.65,57.1,,,,,,
,,,49,L,,10.7,55.3,,,,,,
,,,,L,,9.0,141.0,,,,,,
WORTHTABAJ,S,,,A,,@WorthTabAH,,,,,,,Worth Base Table: L=ilvl
WORTHTABAK,S,,49,A,,@WorthTabALBase($L+1),,,,,,,Worth Base Table: L=ilvl
,,,,L,,9.0,78.0,,,,,,
WORTHTABAL,S,,49,A,,@WorthTabALBase,,,,,,,Worth Base Table: L=ilvl
,,,,L,,9.0,69.0,,,,,,
WORTHTABALBASE,S,,,A,,9.86*$L+23.51+RoundDbl($L*0.1+0.3|0)*0.4,,,,,,,Worth Base Table: L=ilvl
WORTHTABAM,S,,,A,,@WorthTabB,,,,,,,Worth Base Table: L=ilvl
WORTHTABAN,S,,50,L,,8.25,27.75,,,,,,Worth Base Table: L=ilvl
,,,,L,,8.0,40.0,,,,,,
WORTHTABAO,S,,,A,,@WorthTabE,,,,,,,Worth Base Table: L=ilvl
WORTHTABAP,S,,,A,,@WorthTabAQ,,,,,,,Worth Base Table: L=ilvl
WORTHTABAQ,S,,10,L,,7.5,60.0,,,,,,Worth Base Table: L=ilvl
,,,49,L,,5.5,80.0,,,,,,
,,,,L,,6.0,55.0,,,,,,
WORTHTABAR,S,,,A,,$FLOAT@WorthTabD+37.5,,,,,,,Worth Base Table: L=ilvl
WORTHTABAS,S,,,A,,@WorthTabU,,,,,,,Worth Base Table: L=ilvl
WORTHTABAT,S,,4,L,N-1,3.0,20.0,,,,,,Worth Base Table: L=ilvl
,,,7,C,,60.0,,,,,,,
,,,10,C,,100.0,,,,,,,
,,,13,C,,180.0,,,,,,,
,,,16,C,,270.0,,,,,,,
,,,19,C,,310.0,,,,,,,
,,,40,L,N-1,3.2,274.0,,,,,,
,,,43,C,,400.0,,,,,,,
,,,53,L,N-1,1.9,334.0,,,,,,
,,,56,C,,460.0,,,,,,,
,,,59,C,,480.0,,,,,,,
,,,,L,,20.0,-680.0,,,,,,
WORTHTABAU,S,,,A,,$FLOAT@WorthTabBN*1.25,,,,,,,Worth Base Table: L=ilvl
WORTHTABAV,S,,4,L,N-1,3.0,20.0,,,,,,Worth Base Table: L=ilvl
,,,7,C,,70.0,,,,,,,
,,,10,C,,140.0,,,,,,,
,,,13,C,,270.0,,,,,,,
,,,16,C,,400.0,,,,,,,
,,,19,C,,460.0,,,,,,,
,,,25,L,N-1,3.0,447.5,,,,,,
,,,46,L,N-1,3.2,455.0,,,,,,
,,,50,C,,620.0,,,,,,,
,,,,L,,20.0,-360.0,,,,,,
WORTHTABAW,S,,1,C,,50.0,,,,,,,Worth Base Table: L=ilvl
,,,49,L,,2.5,102.5,,,,,,
,,,80,L,,3.0,78.0,,,,,,
,,,120,L,,2.97,79.5,,,,,,
,,,,L,,3.0,75.0,,,,,,
WORTHTABAX,S,,16,L,,10.75,54.0,,,,,,Worth Base Table: L=ilvl
,,,34,L,,10.75,53.7,,,,,,
,,,35,C,,429.0,,,,,,,
,,,41,L,,10.65,57.1,,,,,,
,,,49,L,,10.68,56.25,,,,,,
,,,,L,,12.0,-9.0,,,,,,
WORTHTABAY,S,,,L,,5.0,,,,,,,Worth Base Table: L=ilvl
WORTHTABAZ,S,,10,A,,$FLOAT@WorthTabAZBase*62.5,,,,,,,Worth Base Table: L=ilvl
,,,65,A,,$FLOAT@WorthTabAZBase*125.0,,,,,,,
,,,,A,,$FLOAT@WorthTabAZBase*25.0,,,,,,,
WORTHTABAZBASE,S,,44,L,N0,0.0525,0.7,,,,,,Worth Base Table: L=ilvl
,,,65,L,N0,0.19,-4.85,,,,,,
,,,81,L,N0,0.19,28.15,,,,,,
,,,,A,N0,0.19*$L+28.15+RoundDbl($L*0.05-4.55|0)*0.2,,,,,,,
WORTHTABB,S,,50,L,,8.25,22.25,,,,,,Worth Base Table: L=ilvl
,,,,L,,8.0,35.0,,,,,,
WORTHTABBA,S,,,L,,5.0,385.0,,,,,,Worth Base Table: L=ilvl
WORTHTABBB,S,,1,C,,40.0,,,,,,,Worth Base Table: L=ilvl
,,,10,A,,RoundDbl(0.35*$L-0.1|0)*20.0,,,,,,,
,,,13,C,,100.0,,,,,,,
,,,19,A,,RoundDbl(0.35*$L+1.6|0)*20.0,,,,,,,
,,,25,L,N-1,2.0,150.0,,,,,,
,,,40,L,N-1,2.0,164.0,,,,,,
,,,49,L,N-1,1.0,201.0,,,,,,
,,,,L,,20.0,-740.0,,,,,,
WORTHTABBC,S,,34,A,,RoundDbl($L/15.0+0.8|0)*3750.0+1250.0,,,,,,,Worth Base Table: L=ilvl
,,,35,C,,100000.0,,,,,,,
,,,,C,,125500.0,,,,,,,
WORTHTABBD,S,,,A,,$FLOAT@WorthTabK+1.0,,,,,,,Worth Base Table: L=ilvl
WORTHTABBE,S,,1,C,,60.0,,,,,,,Worth Base Table: L=ilvl
,,,7,A,,RoundDbl($L/3.0|0)*40.0+30.0,,,,,,,
,,,13,A,,RoundDbl($L/3.0|0)*130.0-210.0,,,,,,,
,,,19,A,,RoundDbl($L/3.0|0)*60.0+140.0,,,,,,,
,,,25,A,,RoundDbl($L/3.0|0)*10.0+480.0,,,,,,,
,,,46,A,,RoundDbl($L/3.0|0)*10.0+490.0,,,,,,,
,,,50,C,,660.0,,,,,,,
,,,,L,,20.0,-320.0,,,,,,
WORTHTABBF,S,,,A,,$FLOAT@WorthTabAV+20.0,,,,,,,Worth Base Table: L=ilvl
WORTHTABBG,S,,7,A,,RoundDbl(0.2*$L-0.4|0)*2.0+1.0,,,,,,,Worth Base Table: L=ilvl
,,,16,A,,RoundDbl($L/3.0-2.0|0)*6.0,,,,,,,
,,,22,A,,RoundDbl($L/3.0+1.0|0)*3.0,,,,,,,
,,,25,A,,RoundDbl($L/3.0+1.0|0)*3.0-2.0,,,,,,,
,,,80,A,,RoundDbl($L/3.0+18.0|0)-2.0,,,,,,,
,,,,L,,1.0,-37.0,,,,,,
WORTHTABBH,S,,80,A,,RoundDbl(0.05*$L-0.05|0)+RoundDbl(0.05*$L+0.45|0),,,,,,,Worth Base Table: L=ilvl
,,,,A,,RoundDbl(0.05*$L-0.1|0)+RoundDbl(0.05*$L+0.45|0),,,,,,,
WORTHTABBI,S,,,A,,$FLOAT@WorthTabG-25.0,,,,,,,Worth Base Table: L=ilvl
WORTHTABBJ,S,,,A,,RoundDbl(0.1*$L+0.45|0)*3.0,,,,,,,Worth Base Table: L=ilvl
WORTHTABBK,S,,10,A,,RoundDbl(0.1*$L+0.45|0),,,,,,,Worth Base Table: L=ilvl
,,,,A,,RoundDbl(0.1*$L-0.6|0)*2.0,,,,,,,
WORTHTABBL,S,,35,C,,126600.0,,,,,,,Worth Base Table: L=ilvl
,,,46,C,,150600.0,,,,,,,
,,,47,C,,180720.0,,,,,,,
,,,,C,,150600.0,,,,,,,
WORTHTABBM,S,,1,C,,10.0,,,,,,,Worth Base Table: L=ilvl
,,,,L,,20.0,-20.0,,,,,,
WORTHTABBN,S,,1,C,,400.0,,,,,,,Worth Base Table: L=ilvl
,,,,L,,20.0,800.0,,,,,,
WORTHTABBO,S,,10,C,,10.0,,,,,,,Worth Base Table: L=ilvl
,,,40,A,,RoundDbl(0.1*$L-0.55|0)*50.0-25.0,,,,,,,
,,,80,A,,RoundDbl(0.1*$L-0.55|0)*50.0,,,,,,,
,,,,A,,RoundDbl(0.1*$L-0.55|0)*25.0+175.0,,,,,,,
WORTHTABBP,S,,10,L,,156.25,1562.5,,,,,,Worth Base Table: L=ilvl
,,,20,L,,312.5,,,,,,,
,,,30,L,,625.0,-6250.0,,,,,,
,,,40,L,,1250.0,-25000.0,,,,,,
,,,,L,,2500.0,-75000.0,,,,,,
WORTHTABBQ,S,,1,C,,50.0,,,,,,,Worth Base Table: L=ilvl
,,,49,L,N0,2.5,100.0,,,,,,
,,,,L,,3.0,75.0,,,,,,
WORTHTABBR,S,,49,A,,$FLOAT@WorthTabBQ*2.0,,,,,,,Worth Base Table: L=ilvl
,,,,L,,4.0,250.0,,,,,,
WORTHTABBS,S,,,A,,$FLOAT@WorthTabBR*2.0,,,,,,,Worth Base Table: L=ilvl
WORTHTABBT,S,,,C,,62500.0,,,,,,,Worth Base Table: L=ilvl
WORTHTABBU,S,,80,L,,20.0,300.0,,,,,,Worth Base Table: L=ilvl
,,,,L,,10.0,1100.0,,,,,,
WORTHTABBV,S,,29,C,,1250.0,,,,,,,Worth Base Table: L=ilvl
,,,,A,,RoundDbl(0.05*$L-1.0|0)*2500.0,,,,,,,
WORTHTABBW,S,,1,C,,645.0,,,,,,,Worth Base Table: L=ilvl
,,,9,L,,20.0,980.0,,,,,,
,,,,L,,50.0,920.0,,,,,,
WORTHTABBX,S,,10,A,,RoundDbl(0.1*$L+0.45|0)*3.0,,,,,,,Worth Base Table: L=ilvl
,,,140,A,,RoundDbl(0.1*$L-0.6|0)*6.0,,,,,,,
,,,,A,,RoundDbl(0.1*$L+0.4|0)*4.0+22.0,,,,,,,
WORTHTABBY,S,,,C,,90000.0,,,,,,,Worth Base Table: L=ilvl
WORTHTABBZ,S,,10,L,,27.42,273.1,,,,,,Worth Base Table: L=ilvl
,,,20,L,,54.69,,,,,,,
,,,30,L,,109.35,-1093.0,,,,,,
,,,40,L,,218.75,-4375.0,,,,,,
,,,80,L,,437.5,-13125.0,,,,,,
,,,,L,,437.0,-13085.0,,,,,,
WORTHTABC,S,,,A,,$FLOAT@WorthTabD+20.0,,,,,,,Worth Base Table: L=ilvl
WORTHTABCA,S,,10,L,,7.25,72.25,,,,,,Worth Base Table: L=ilvl
,,,20,L,,14.49,0.11,,,,,,
,,,30,L,,29.0,-290.0,,,,,,
,,,35,L,,57.99,-1160.16,,,,,,
,,,40,L,,57.99,-1160.12,,,,,,
,,,80,L,,115.94,-3478.2,,,,,,
,,,,L,,116.0,-3483.0,,,,,,
WORTHTABCB,S,,,C,,0.1,,,,,,,Worth Base Table: L=ilvl
WORTHTABCC,S,,,A,,$FLOAT@WorthTabBK*5.0,,,,,,,Worth Base Table: L=ilvl
WORTHTABCD,S,,,A,,$FLOAT@WorthTabBK*25.0,,,,,,,Worth Base Table: L=ilvl
WORTHTABCE,S,,,A,,$FLOAT@WorthTabBN*10.0,,,,,,,Worth Base Table: L=ilvl
WORTHTABCF,S,,20,A,,RoundDbl(0.1*$L-0.55|0)*600.0+200.0,,,,,,,Worth Base Table: L=ilvl
,,,40,A,,RoundDbl(0.1*$L-0.55|0)*1000.0-500.0,,,,,,,
,,,60,A,,RoundDbl(0.1*$L-0.55|0)*2000.0-4000.0,,,,,,,
,,,70,C,,8500.0,,,,,,,
,,,140,A,,RoundDbl(0.1*$L-0.55|0)*2500.0-7500.0,,,,,,,
,,,200,A,,RoundDbl(0.1*$L-0.55|0)*3000.0-14000.0,,,,,,,
,,,,A,,RoundDbl(0.1*$L-0.55|0)*2500.0-3500.0,,,,,,,
WORTHTABCG,S,,,C,,20.0,,,,,,,Worth Base Table: L=ilvl
WORTHTABCH,S,,,C,,50000.0,,,,,,,Worth Base Table: L=ilvl
WORTHTABCI,S,,,C,,40000.0,,,,,,,Worth Base Table: L=ilvl
WORTHTABCJ,S,,,C,,20000.0,,,,,,,Worth Base Table: L=ilvl
WORTHTABCK,S,,,C,,15000.0,,,,,,,Worth Base Table: L=ilvl
WORTHTABCL,S,,,C,,12500.0,,,,,,,Worth Base Table: L=ilvl
WORTHTABCM,S,,,C,,7500.0,,,,,,,Worth Base Table: L=ilvl
WORTHTABCN,S,,,A,,RoundDbl(0.1*$L+0.5|0)*10000.0,,,,,,,Worth Base Table: L=ilvl
WORTHTABCO,S,,,A,,@WorthTabAB,,,,,,,Worth Base Table: L=ilvl
WORTHTABCP,S,,,C,,1.0,,,,,,,Worth Base Table: L=ilvl
WORTHTABCQ,S,,10,A,,RoundDbl(0.3*$L+0.2|0)*2.0,,,,,,,Worth Base Table: L=ilvl
,,,16,A,,RoundDbl(0.25*$L-1.0|0)*6.0,,,,,,,
,,,22,A,,RoundDbl(0.3*$L+5.5|0)*2.0,,,,,,,
,,,50,A,,RoundDbl((1.0/6.0)*$L+8.75|0)*2.0,,,,,,,
,,,80,A,,RoundDbl((1.0/3.0)*$L-11.5|0)*6.0,,,,,,,
,,,,A,,RoundDbl(0.25*$L-4.6|0)*6.0,,,,,,,
WORTHTABCR,S,,,A,,$FLOAT@WorthTabM-15.0,,,,,,,Worth Base Table: L=ilvl
WORTHTABCS,S,,,A,,$FLOAT@WorthTabBR*3.0,,,,,,,Worth Base Table: L=ilvl
WORTHTABCT,S,,,C,,100000.0,,,,,,,Worth Base Table: L=ilvl
WORTHTABCU,S,,,C,,75000.0,,,,,,,Worth Base Table: L=ilvl
WORTHTABD,S,,49,L,,7.5,,,,,,,Worth Base Table: L=ilvl
,,,,L,,8.0,-25.0,,,,,,
WORTHTABE,S,,9,L,,30.0,50.0,,,,,,Worth Base Table: L=ilvl
,,,,L,,7.0,280.0,,,,,,
WORTHTABF,S,,,C,,0.1,,,,,,,Worth Base Table: L=ilvl
WORTHTABG,S,,1,C,,50.0,,,,,,,Worth Base Table: L=ilvl
,,,,A,,$FLOAT@WorthTabAF+100.0,,,,,,,
WORTHTABH,S,,2,L,,1.0,,,,,,,Worth Base Table: L=ilvl
,,,9,L,,1.48,-2.85,,,,,,
,,,11,L,,2.5,-13.0,,,,,,
,,,24,L,,2.5,-10.0,,,,,,
,,,,L,,5,-70.0,,,,,,
WORTHTABI,S,,4,C,,1.0,,,,,,,Worth Base Table: L=ilvl
,,,10,L,,0.7,-1.0,,,,,,
,,,15,L,,1.4,-7.0,,,,,,
,,,24,L,,1.25,-5.0,,,,,,
,,,49,L,,2.5,-35.0,,,,,,
,,,,L,,3.0,-60.0,,,,,,
WORTHTABJ,S,,4,L,,2.5,7.5,,,,,,Worth Base Table: L=ilvl
,,,5,C,,23.0,,,,,,,
,,,,L,,4.0,,,,,,,
WORTHTABK,S,,9,L,,12.0,24.0,,,,,,Worth Base Table: L=ilvl
,,,,L,,7.0,74.0,,,,,,
WORTHTABL,S,,,A,,$FLOAT@WorthTabB+19.25,,,,,,,Worth Base Table: L=ilvl
WORTHTABM,S,,9,L,,10.0,11.0,,,,,,Worth Base Table: L=ilvl
,,,49,L,,4.0,65.0,,,,,,
,,,,L,,5.0,15.0,,,,,,
WORTHTABN,S,,,A,,$FLOAT@WorthTabAF+25.0,,,,,,,Worth Base Table: L=ilvl
WORTHTABO,S,,,A,,$FLOAT@WorthTabB+11.0,,,,,,,Worth Base Table: L=ilvl
WORTHTABP,S,,,A,,@WorthTabE,,,,,,,Worth Base Table: L=ilvl
WORTHTABQ,S,,,L,,7.0,25.0,,,,,,Worth Base Table: L=ilvl
WORTHTABR,S,,9,L,,12.0,30.0,,,,,,Worth Base Table: L=ilvl
,,,,L,,7.0,75.0,,,,,,
WORTHTABS,S,,,A,,$FLOAT@WorthTabD+17.5,,,,,,,Worth Base Table: L=ilvl
WORTHTABT,S,,1,C,,54.0,,,,,,,Worth Base Table: L=ilvl
,,,17,L,,10.73,43.57,,,,,,
,,,35,L,,10.735,43.265,,,,,,
,,,36,C,,429.0,,,,,,,
,,,42,L,,10.65,46.45,,,,,,
,,,49,L,,10.7,44.6,,,,,,
,,,,L,,9.0,130.0,,,,,,
WORTHTABU,S,,10,L,,9.0,20.0,,,,,,Worth Base Table: L=ilvl
,,,49,L,,5.5,55.0,,,,,,
,,,,L,,6.0,30.0,,,,,,
WORTHTABV,S,,,A,,$FLOAT@WorthTabB-2.75,,,,,,,Worth Base Table: L=ilvl
WORTHTABW,S,,,A,,$FLOAT@WorthTabD+25.0,,,,,,,Worth Base Table: L=ilvl
WORTHTABX,S,,,A,,$FLOAT@WorthTabAF+75.0,,,,,,,Worth Base Table: L=ilvl
WORTHTABY,S,,,A,,$FLOAT@WorthTabD+30.0,,,,,,,Worth Base Table: L=ilvl
WORTHTABZ,S,,,A,,$FLOAT@WorthTabR-15.0,,,,,,,Worth Base Table: L=ilvl
WORTHVALA,S,,,A,E,$FLOAT@WorthMpA($QCI_QUALITY)*$FLOAT@WorthExt#(!WorthTabA!),,,,,,,"Worth Table: L=ilvl, C=quality code"
WORTHVALAA,S,,,A,E,$FLOAT@WorthMpB($QCI_QUALITY)*$FLOAT@WorthExt#(!WorthTabAA!),,,,,,,"Worth Table: L=ilvl, C=quality code"
WORTHVALAB,S,,,A,E,$FLOAT@WorthMpB($QCI_QUALITY)*$FLOAT@WorthExt#(!WorthTabAB!),,,,,,,"Worth Table: L=ilvl, C=quality code"
WORTHVALAC,S,,,A,E,$FLOAT@WorthMpB($QCI_QUALITY)*$FLOAT@WorthExt#(!WorthTabAC!),,,,,,,"Worth Table: L=ilvl, C=quality code"
WORTHVALAD,S,,,A,E,$FLOAT@WorthMpB($QCI_QUALITY)*$FLOAT@WorthExt#(!WorthTabAD!),,,,,,,"Worth Table: L=ilvl, C=quality code"
WORTHVALAE,S,,,A,E,$FLOAT@WorthMpB($QCI_QUALITY)*$FLOAT@WorthExt#(!WorthTabAE!),,,,,,,"Worth Table: L=ilvl, C=quality code"
WORTHVALAF,S,,,A,E,$FLOAT@WorthMpB($QCI_QUALITY)*$FLOAT@WorthExt#(!WorthTabAF!),,,,,,,"Worth Table: L=ilvl, C=quality code"
WORTHVALAG,S,,,A,E,$FLOAT@WorthMpB($QCI_QUALITY)*$FLOAT@WorthExt#(!WorthTabAG!),,,,,,,"Worth Table: L=ilvl, C=quality code"
WORTHVALAH,S,,,A,E,$FLOAT@WorthMpB($QCI_QUALITY)*$FLOAT@WorthExt8Lin#(!WorthTabAH!),,,,,,,"Worth Table: L=ilvl, C=quality code"
WORTHVALAI,S,,,A,E,$FLOAT@WorthMpB($QCI_QUALITY)*$FLOAT@WorthExt8Lin#(!WorthTabAI!),,,,,,,"Worth Table: L=ilvl, C=quality code"
WORTHVALAJ,S,,,A,E,$FLOAT@WorthMpB($QCI_QUALITY)*$FLOAT@WorthExt8Lin#(!WorthTabAJ!),,,,,,,"Worth Table: L=ilvl, C=quality code"
WORTHVALAK,S,,,A,E,$FLOAT@WorthMpB($QCI_QUALITY)*$FLOAT@WorthExt8Lin#(!WorthTabAK!),,,,,,,"Worth Table: L=ilvl, C=quality code"
WORTHVALAL,S,,,A,E,$FLOAT@WorthMpB($QCI_QUALITY)*$FLOAT@WorthExt8Lin#(!WorthTabAL!),,,,,,,"Worth Table: L=ilvl, C=quality code"
WORTHVALAM,S,,,A,E,$FLOAT@WorthMpB($QCI_QUALITY)*$FLOAT@WorthExt#(!WorthTabAM!),,,,,,,"Worth Table: L=ilvl, C=quality code"
WORTHVALAN,S,,,A,E,$FLOAT@WorthMpB($QCI_QUALITY)*$FLOAT@WorthExt#(!WorthTabAN!),,,,,,,"Worth Table: L=ilvl, C=quality code"
WORTHVALAO,S,,,A,E,$FLOAT@WorthMpB($QCI_QUALITY)*$FLOAT@WorthExt#(!WorthTabAO!),,,,,,,"Worth Table: L=ilvl, C=quality code"
WORTHVALAP,S,,,A,E,$FLOAT@WorthMpB($QCI_QUALITY)*$FLOAT@WorthExt#(!WorthTabAP!),,,,,,,"Worth Table: L=ilvl, C=quality code"
WORTHVALAQ,S,,,A,E,$FLOAT@WorthMpB($QCI_QUALITY)*$FLOAT@WorthExt#(!WorthTabAQ!),,,,,,,"Worth Table: L=ilvl, C=quality code"
WORTHVALAR,S,,,A,E,$FLOAT@WorthMpB($QCI_QUALITY)*$FLOAT@WorthExt#(!WorthTabAR!),,,,,,,"Worth Table: L=ilvl, C=quality code"
WORTHVALAS,S,,,A,E,$FLOAT@WorthMpB($QCI_QUALITY)*$FLOAT@WorthExt#(!WorthTabAS!),,,,,,,"Worth Table: L=ilvl, C=quality code"
WORTHVALAT,S,,,A,E,$FLOAT@WorthMpC($QCI_QUALITY)*$FLOAT@WorthExt#(!WorthTabAT!),,,,,,,"Worth Table: L=ilvl, C=quality code"
WORTHVALAU,S,,,A,E,$FLOAT@WorthMpC($QCI_QUALITY)*$FLOAT@WorthExt#(!WorthTabAU!),,,,,,,"Worth Table: L=ilvl, C=quality code"
WORTHVALAV,S,,,A,E,$FLOAT@WorthMpC($QCI_QUALITY)*$FLOAT@WorthExt#(!WorthTabAV!),,,,,,,"Worth Table: L=ilvl, C=quality code"
WORTHVALAW,S,,,A,E,$FLOAT@WorthMpA($QCI_QUALITY)*$FLOAT@WorthExt#(!WorthTabAW!),,,,,,,"Worth Table: L=ilvl, C=quality code"
WORTHVALAX,S,,,A,E,$FLOAT@WorthMpB($QCI_QUALITY)*$FLOAT@WorthExt#(!WorthTabAX!),,,,,,,"Worth Table: L=ilvl, C=quality code"
WORTHVALAY,S,,,A,E,$FLOAT@WorthMpA($QCI_QUALITY)*$FLOAT@WorthExt4Lin#(!WorthTabAY!),,,,,,,"Worth Table: L=ilvl, C=quality code"
WORTHVALAZ,S,,,A,E,$FLOAT@WorthMpA($QCI_QUALITY)*$FLOAT@WorthExt4Lin#(!WorthTabAZ!),,,,,,,"Worth Table: L=ilvl, C=quality code"
WORTHVALB,S,,,A,E,$FLOAT@WorthMpB($QCI_QUALITY)*$FLOAT@WorthExt#(!WorthTabB!),,,,,,,"Worth Table: L=ilvl, C=quality code"
WORTHVALBA,S,,,A,E,$FLOAT@WorthMpC($QCI_QUALITY)*$FLOAT@WorthExt4Lin#(!WorthTabBA!),,,,,,,"Worth Table: L=ilvl, C=quality code"
WORTHVALBB,S,,,A,E,$FLOAT@WorthMpC($QCI_QUALITY)*$FLOAT@WorthExt#(!WorthTabBB!),,,,,,,"Worth Table: L=ilvl, C=quality code"
WORTHVALBC,S,,,A,E,$FLOAT@WorthMpE($QCI_QUALITY)*$FLOAT@WorthExt#(!WorthTabBC!),,,,,,,"Worth Table: L=ilvl, C=quality code"
WORTHVALBD,S,,,A,E,$FLOAT@WorthMpB($QCI_QUALITY)*$FLOAT@WorthExt#(!WorthTabBD!),,,,,,,"Worth Table: L=ilvl, C=quality code"
WORTHVALBE,S,,,A,E,$FLOAT@WorthMpJ($QCI_QUALITY)*$FLOAT@WorthExt#(!WorthTabBE!),,,,,,,"Worth Table: L=ilvl, C=quality code"
WORTHVALBF,S,,,A,E,$FLOAT@WorthMpC($QCI_QUALITY)*$FLOAT@WorthExt#(!WorthTabBF!),,,,,,,"Worth Table: L=ilvl, C=quality code"
WORTHVALBG,S,,,A,E,$FLOAT@WorthMpA($QCI_QUALITY)*$FLOAT@WorthExt4Lin#(!WorthTabBG!),,,,,,,"Worth Table: L=ilvl, C=quality code"
WORTHVALBH,S,,,A,E,$FLOAT@WorthMpC($QCI_QUALITY)*$FLOAT@WorthExt4Lin#(!WorthTabBH!),,,,,,,"Worth Table: L=ilvl, C=quality code"
WORTHVALBI,S,,,A,E,$FLOAT@WorthMpA($QCI_QUALITY)*$FLOAT@WorthExt#(!WorthTabBI!),,,,,,,"Worth Table: L=ilvl, C=quality code"
WORTHVALBJ,S,,,A,E,$FLOAT@WorthMpC($QCI_QUALITY)*$FLOAT@WorthExt4Lin#(!WorthTabBJ!),,,,,,,"Worth Table: L=ilvl, C=quality code"
WORTHVALBK,S,,,A,E,$FLOAT@WorthMpC($QCI_QUALITY)*$FLOAT@WorthExt4Lin#(!WorthTabBK!),,,,,,,"Worth Table: L=ilvl, C=quality code"
WORTHVALBL,S,,,A,E,$FLOAT@WorthMpE($QCI_QUALITY)*$FLOAT@WorthExt#(!WorthTabBL!),,,,,,,"Worth Table: L=ilvl, C=quality code"
WORTHVALBM,S,,,A,E,$FLOAT@WorthMpA($QCI_QUALITY)*$FLOAT@WorthExt#(!WorthTabBM!),,,,,,,"Worth Table: L=ilvl, C=quality code"
WORTHVALBN,S,,,A,E,$FLOAT@WorthMpB($QCI_QUALITY)*$FLOAT@WorthExt#(!WorthTabBN!),,,,,,,"Worth Table: L=ilvl, C=quality code"
WORTHVALBO,S,,,A,E,$FLOAT@WorthMpG($QCI_QUALITY)*$FLOAT@WorthExt#(!WorthTabBO!),,,,,,,"Worth Table: L=ilvl, C=quality code"
WORTHVALBP,S,,,A,E,$FLOAT@WorthMpC($QCI_QUALITY)*$FLOAT@WorthExt#(!WorthTabBP!),,,,,,,"Worth Table: L=ilvl, C=quality code"
WORTHVALBQ,S,,,A,E,$FLOAT@WorthMpE($QCI_QUALITY)*$FLOAT@WorthExt#(!WorthTabBQ!),,,,,,,"Worth Table: L=ilvl, C=quality code"
WORTHVALBR,S,,,A,E,$FLOAT@WorthMpE($QCI_QUALITY)*$FLOAT@WorthExt#(!WorthTabBR!),,,,,,,"Worth Table: L=ilvl, C=quality code"
WORTHVALBS,S,,,A,E,$FLOAT@WorthMpE($QCI_QUALITY)*$FLOAT@WorthExt#(!WorthTabBS!),,,,,,,"Worth Table: L=ilvl, C=quality code"
WORTHVALBT,S,,,A,E,$FLOAT@WorthMpC($QCI_QUALITY)*$FLOAT@WorthExt#(!WorthTabBT!),,,,,,,"Worth Table: L=ilvl, C=quality code"
WORTHVALBU,S,,,A,E,$FLOAT@WorthMpF($QCI_QUALITY)*$FLOAT@WorthExt4Lin#(!WorthTabBU!),,,,,,,"Worth Table: L=ilvl, C=quality code"
WORTHVALBV,S,,,A,E,$FLOAT@WorthMpD($QCI_QUALITY)*$FLOAT@WorthExt4Lin#(!WorthTabBV!),,,,,,,"Worth Table: L=ilvl, C=quality code"
WORTHVALBW,S,,,A,E,$FLOAT@WorthMpC($QCI_QUALITY)*$FLOAT@WorthExt#(!WorthTabBW!),,,,,,,"Worth Table: L=ilvl, C=quality code"
WORTHVALBX,S,,,A,E,$FLOAT@WorthMpC($QCI_QUALITY)*$FLOAT@WorthExt4Lin#(!WorthTabBX!),,,,,,,"Worth Table: L=ilvl, C=quality code"
WORTHVALBY,S,,,A,E,$FLOAT@WorthMpE($QCI_QUALITY)*$FLOAT@WorthExt#(!WorthTabBY!),,,,,,,"Worth Table: L=ilvl, C=quality code"
WORTHVALBZ,S,,,A,E,$FLOAT@WorthMpC($QCI_QUALITY)*$FLOAT@WorthExt#(!WorthTabBZ!),,,,,,,"Worth Table: L=ilvl, C=quality code"
WORTHVALC,S,,,A,E,$FLOAT@WorthMpB($QCI_QUALITY)*$FLOAT@WorthExt#(!WorthTabC!),,,,,,,"Worth Table: L=ilvl, C=quality code"
WORTHVALCA,S,,,A,E,$FLOAT@WorthMpC($QCI_QUALITY)*$FLOAT@WorthExt#(!WorthTabCA!),,,,,,,"Worth Table: L=ilvl, C=quality code"
WORTHVALCB,S,,,A,E,$FLOAT@WorthMpC($QCI_QUALITY)*$FLOAT@WorthTabCB,,,,,,,"Worth Table: L=ilvl, C=quality code"
WORTHVALCC,S,,,A,E,$FLOAT@WorthMpL($QCI_QUALITY)*$FLOAT@WorthExt4Lin#(!WorthTabCC!),,,,,,,"Worth Table: L=ilvl, C=quality code"
WORTHVALCD,S,,,A,E,$FLOAT@WorthMpL($QCI_QUALITY)*$FLOAT@WorthExt4Lin#(!WorthTabCD!),,,,,,,"Worth Table: L=ilvl, C=quality code"
WORTHVALCE,S,,,A,E,$FLOAT@WorthMpH($QCI_QUALITY)*$FLOAT@WorthExt#(!WorthTabCE!),,,,,,,"Worth Table: L=ilvl, C=quality code"
WORTHVALCF,S,,,A,E,$FLOAT@WorthMpA($QCI_QUALITY)*$FLOAT@WorthExt4Lin#(!WorthTabCF!),,,,,,,"Worth Table: L=ilvl, C=quality code"
WORTHVALCG,S,,,A,E,$FLOAT@WorthMpC($QCI_QUALITY)*$FLOAT@WorthExt#(!WorthTabCG!),,,,,,,"Worth Table: L=ilvl, C=quality code"
WORTHVALCH,S,,,A,E,$FLOAT@WorthMpC($QCI_QUALITY)*$FLOAT@WorthExt#(!WorthTabCH!),,,,,,,"Worth Table: L=ilvl, C=quality code"
WORTHVALCI,S,,,A,E,$FLOAT@WorthMpC($QCI_QUALITY)*$FLOAT@WorthExt#(!WorthTabCI!),,,,,,,"Worth Table: L=ilvl, C=quality code"
WORTHVALCJ,S,,,A,E,$FLOAT@WorthMpC($QCI_QUALITY)*$FLOAT@WorthExt#(!WorthTabCJ!),,,,,,,"Worth Table: L=ilvl, C=quality code"
WORTHVALCK,S,,,A,E,$FLOAT@WorthMpC($QCI_QUALITY)*$FLOAT@WorthExt#(!WorthTabCK!),,,,,,,"Worth Table: L=ilvl, C=quality code"
WORTHVALCL,S,,,A,E,$FLOAT@WorthMpC($QCI_QUALITY)*$FLOAT@WorthExt#(!WorthTabCL!),,,,,,,"Worth Table: L=ilvl, C=quality code"
WORTHVALCM,S,,,A,E,$FLOAT@WorthMpC($QCI_QUALITY)*$FLOAT@WorthExt#(!WorthTabCM!),,,,,,,"Worth Table: L=ilvl, C=quality code"
WORTHVALCN,S,,,A,E,$FLOAT@WorthMpI($QCI_QUALITY)*$FLOAT@WorthExt#(!WorthTabCN!),,,,,,,"Worth Table: L=ilvl, C=quality code"
WORTHVALCO,S,,,A,E,$FLOAT@WorthMpB($QCI_QUALITY)*$FLOAT@WorthExt#(!WorthTabCO!),,,,,,,"Worth Table: L=ilvl, C=quality code"
WORTHVALCP,S,,,A,E,$FLOAT@WorthMpA($QCI_QUALITY)*$FLOAT@WorthExt#(!WorthTabCP!),,,,,,,"Worth Table: L=ilvl, C=quality code"
WORTHVALCQ,S,,,A,E,$FLOAT@WorthMpK($QCI_QUALITY)*$FLOAT@WorthExt#(!WorthTabCQ!),,,,,,,"Worth Table: L=ilvl, C=quality code"
WORTHVALCR,S,,,A,E,$FLOAT@WorthMpB($QCI_QUALITY)*$FLOAT@WorthExt#(!WorthTabCR!),,,,,,,"Worth Table: L=ilvl, C=quality code"
WORTHVALCS,S,,,A,E,$FLOAT@WorthMpE($QCI_QUALITY)*$FLOAT@WorthExt#(!WorthTabCS!),,,,,,,"Worth Table: L=ilvl, C=quality code"
WORTHVALCT,S,,,A,E,$FLOAT@WorthMpC($QCI_QUALITY)*$FLOAT@WorthExt#(!WorthTabCT!),,,,,,,"Worth Table: L=ilvl, C=quality code"
WORTHVALCU,S,,,A,E,$FLOAT@WorthMpC($QCI_QUALITY)*$FLOAT@WorthExt#(!WorthTabCU!),,,,,,,"Worth Table: L=ilvl, C=quality code"
WORTHVALD,S,,,A,E,$FLOAT@WorthMpB($QCI_QUALITY)*$FLOAT@WorthExt#(!WorthTabD!),,,,,,,"Worth Table: L=ilvl, C=quality code"
WORTHVALE,S,,,A,E,$FLOAT@WorthMpB($QCI_QUALITY)*$FLOAT@WorthExt#(!WorthTabE!),,,,,,,"Worth Table: L=ilvl, C=quality code"
WORTHVALF,S,,,A,E,$FLOAT@WorthMpC($QCI_QUALITY)*$FLOAT@WorthTabF,,,,,,,"Worth Table: L=ilvl, C=quality code"
WORTHVALG,S,,,A,E,$FLOAT@WorthMpC($QCI_QUALITY)*$FLOAT@WorthExt#(!WorthTabG!),,,,,,,"Worth Table: L=ilvl, C=quality code"
WORTHVALH,S,,,A,E,$FLOAT@WorthMpA($QCI_QUALITY)*$FLOAT@WorthExt4Lin#(!WorthTabH!),,,,,,,"Worth Table: L=ilvl, C=quality code"
WORTHVALI,S,,,A,E,$FLOAT@WorthMpA($QCI_QUALITY)*$FLOAT@WorthExt4Lin#(!WorthTabI!),,,,,,,"Worth Table: L=ilvl, C=quality code"
WORTHVALJ,S,,,A,E,$FLOAT@WorthMpA($QCI_QUALITY)*$FLOAT@WorthExt#(!WorthTabJ!),,,,,,,"Worth Table: L=ilvl, C=quality code"
WORTHVALK,S,,,A,E,$FLOAT@WorthMpB($QCI_QUALITY)*$FLOAT@WorthExt#(!WorthTabK!),,,,,,,"Worth Table: L=ilvl, C=quality code"
WORTHVALL,S,,,A,E,$FLOAT@WorthMpB($QCI_QUALITY)*$FLOAT@WorthExt#(!WorthTabL!),,,,,,,"Worth Table: L=ilvl, C=quality code"
WORTHVALM,S,,,A,E,$FLOAT@WorthMpB($QCI_QUALITY)*$FLOAT@WorthExt#(!WorthTabM!),,,,,,,"Worth Table: L=ilvl, C=quality code"
WORTHVALN,S,,,A,E,$FLOAT@WorthMpB($QCI_QUALITY)*$FLOAT@WorthExt#(!WorthTabN!),,,,,,,"Worth Table: L=ilvl, C=quality code"
WORTHVALO,S,,,A,E,$FLOAT@WorthMpB($QCI_QUALITY)*$FLOAT@WorthExt#(!WorthTabO!),,,,,,,"Worth Table: L=ilvl, C=quality code"
WORTHVALP,S,,,A,E,$FLOAT@WorthMpB($QCI_QUALITY)*$FLOAT@WorthExt#(!WorthTabP!),,,,,,,"Worth Table: L=ilvl, C=quality code"
WORTHVALQ,S,,,A,E,$FLOAT@WorthMpB($QCI_QUALITY)*$FLOAT@WorthExt#(!WorthTabQ!),,,,,,,"Worth Table: L=ilvl, C=quality code"
WORTHVALR,S,,,A,E,$FLOAT@WorthMpB($QCI_QUALITY)*$FLOAT@WorthExt#(!WorthTabR!),,,,,,,"Worth Table: L=ilvl, C=quality code"
WORTHVALS,S,,,A,E,$FLOAT@WorthMpB($QCI_QUALITY)*$FLOAT@WorthExt#(!WorthTabS!),,,,,,,"Worth Table: L=ilvl, C=quality code"
WORTHVALT,S,,,A,E,$FLOAT@WorthMpB($QCI_QUALITY)*$FLOAT@WorthExt8Lin#(!WorthTabT!),,,,,,,"Worth Table: L=ilvl, C=quality code"
WORTHVALU,S,,,A,E,$FLOAT@WorthMpB($QCI_QUALITY)*$FLOAT@WorthExt#(!WorthTabU!),,,,,,,"Worth Table: L=ilvl, C=quality code"
WORTHVALV,S,,,A,E,$FLOAT@WorthMpB($QCI_QUALITY)*$FLOAT@WorthExt#(!WorthTabV!),,,,,,,"Worth Table: L=ilvl, C=quality code"
WORTHVALW,S,,,A,E,$FLOAT@WorthMpB($QCI_QUALITY)*$FLOAT@WorthExt#(!WorthTabW!),,,,,,,"Worth Table: L=ilvl, C=quality code"
WORTHVALX,S,,,A,E,$FLOAT@WorthMpB($QCI_QUALITY)*$FLOAT@WorthExt#(!WorthTabX!),,,,,,,"Worth Table: L=ilvl, C=quality code"
WORTHVALY,S,,,A,E,$FLOAT@WorthMpB($QCI_QUALITY)*$FLOAT@WorthExt#(!WorthTabY!),,,,,,,"Worth Table: L=ilvl, C=quality code"
WORTHVALZ,S,,,A,E,$FLOAT@WorthMpB($QCI_QUALITY)*$FLOAT@WorthExt#(!WorthTabZ!),,,,,,,"Worth Table: L=ilvl, C=quality code"
WOUNDRESIST,S,,,A,,@ResistAdd#,,,,,,,Additional Wound Resistance rating on items calculation
WOUNDRESISTT,S,,,A,,@ResistAddT#,,,,,,2,Additional Wound Resistance rating in traits/effects calculation
WPNDMGMAX,S,,,A,E,(2.0/(2.0-$FLOAT@WpnDPSVarianceType($WCI_TYPE)))*$FLOAT@WpnDPS#($C),,,,,,,"Base Weapon Minimum Damage: L=item level, C=weapon code"
WPNDMGMIN,S,,,A,E,((2.0-2.0*$FLOAT@WpnDPSVarianceType($WCI_TYPE))/(2.0-$FLOAT@WpnDPSVarianceType($WCI_TYPE)))*$FLOAT@WpnDPS#($C),,,,,,,"Base Weapon Maximum Damage: L=item level, C=weapon code"
WPNDPS,S,,,A,E,$FLOAT@CombatBasePhyDPS#($FLOAT@WpnDPSCatMP($WCI_CATEGORY*4+$WCI_TYPE))*$FLOAT@WpnDPSQtyMP($WCI_QUALITY),,,,,,,"Base Weapon DPS: L=item level, C=weapon code"
WPNDPSCATMP,S,1,23,D,,1.0|1.0|1.0|1.0|1.0|1.4|1.4|1.0|0.9|1.2|1.2|1.0|1.0|1.4|1.4|1.0|0.8|0.8|0.8|1.0|0.9|1.2|1.2,,,,,,,Weapon combined Category/Type Multiplier: L=index
WPNDPSQTYMP,S,1,5,D,FE,1.0|1.02|1.04|1.08|1.12,,,,,,,Weapon Quality Multiplier: L=weapon color index
WPNDPSVARIANCETYPE,S,1,3,D,FE,0.25|0.25|0.25,,,,,,,Weapon Damage variance by Weapon Type: L=weapon type index
WRDBATSTRIKESCRITDEF,S,,,A,,-$FLOAT@CritDefT#($FLOAT@Trait123Choice($N)*0.4),,,,,,2,"Warden Battering Strikes trait effect: L=character level, N=effect tier"
WRDCRITDEF,S,,,A,,@CritDefT#1.0,,,,,,,Warden Critical Defence rating passive 
WRDFINESSE,S,,,A,,@FinesseT#($FLOAT@Trait12345Choice($N)*0.4),,,,,,2,"Warden Finesse trait Finesse: L=character level, N=trait rank"
WRDIMPRBLADESPARRY,S,,,A,,@ParryT#2.8,,,,,,2,Warden Impressive Blades effect Parry rating: L=character level
WRDPHYMAS,S,,,A,,@PhyMasT#($FLOAT@Trait123455Choice($N)*0.4),,,,,,2,"Warden Physical Mastery: Physical Mastery: L=character level, N=trait rank"
WRDRECKLESSNCRITHIT,S,,,A,,@CritHitT#2.4,,,,,,2,Warden Recklessness CritHit: L=character level
WRDSHIELDMASBLOCK,S,,,A,,@BlockT#2.8,,,,,,2,Warden Shield Mastery Block: L=character level
WRDSHIELDTACTCRITDEF,S,,,A,,@CritDefT#2.0,,,,,,2,Warden Shield Tactics Critical Defence: L=character level
WRDSTDYOURGRBLOCK,S,,,A,,@BlockT#($FLOAT@Trait1234Choice($N)*0.4),,,,,,2,"Warden Stand Your Ground trait Block: L=character level, N=trait rank"
WRDSTDYOURGRPARRY,S,,,A,,@ParryT#($FLOAT@Trait1234Choice($N)*0.4),,,,,,2,"Warden Stand Your Ground trait Parry: L=character level, N=trait rank"
